date,status,calendar_match,calendar_note,DEXKOUS,DEXUSEU,DEXJPUS
2020-01-01,weekday_not_in_source,New Year's Day,"USFederalHolidayCalendar label is a calendar match, not proof of missing-data cause",,,
2020-01-04,weekend_not_in_source,,"USFederalHolidayCalendar label is a calendar match, not proof of missing-data cause",,,
2020-01-05,weekend_not_in_source,,"USFederalHolidayCalendar label is a calendar match, not proof of missing-data cause",,,
2020-01-11,weekend_not_in_source,,"USFederalHolidayCalendar label is a calendar match, not proof of missing-data cause",,,
2020-01-12,weekend_not_in_source,,"USFederalHolidayCalendar label is a calendar match, not proof of missing-data cause",,,
2020-01-18,weekend_not_in_source,,"USFederalHolidayCalendar label is a calendar match, not proof of missing-data cause",,,
2020-01-19,weekend_not_in_source,,"USFederalHolidayCalendar label is a calendar match, not proof of missing-data cause",,,
2020-01-20,explicit_missing,"Birthday of Martin Luther King, Jr.","USFederalHolidayCalendar label is a calendar match, not proof of missing-data cause",,,
2020-01-25,weekend_not_in_source,,"USFederalHolidayCalendar label is a calendar match, not proof of missing-data cause",,,
2020-01-26,weekend_not_in_source,,"USFederalHolidayCalendar label is a calendar match, not proof of missing-data cause",,,
2020-02-01,weekend_not_in_source,,"USFederalHolidayCalendar label is a calendar match, not proof of missing-data cause",,,
2020-02-02,weekend_not_in_source,,"USFederalHolidayCalendar label is a calendar match, not proof of missing-data cause",,,
2020-02-08,weekend_not_in_source,,"USFederalHolidayCalendar label is a calendar match, not proof of missing-data cause",,,
2020-02-09,weekend_not_in_source,,"USFederalHolidayCalendar label is a calendar match, not proof of missing-data cause",,,
2020-02-15,weekend_not_in_source,,"USFederalHolidayCalendar label is a calendar match, not proof of missing-data cause",,,
2020-02-16,weekend_not_in_source,,"USFederalHolidayCalendar label is a calendar match, not proof of missing-data cause",,,
2020-02-17,explicit_missing,Washington's Birthday,"USFederalHolidayCalendar label is a calendar match, not proof of missing-data cause",,,
2020-02-22,weekend_not_in_source,,"USFederalHolidayCalendar label is a calendar match, not proof of missing-data cause",,,
2020-02-23,weekend_not_in_source,,"USFederalHolidayCalendar label is a calendar match, not proof of missing-data cause",,,
2020-02-29,weekend_not_in_source,,"USFederalHolidayCalendar label is a calendar match, not proof of missing-data cause",,,
2020-03-01,weekend_not_in_source,,"USFederalHolidayCalendar label is a calendar match, not proof of missing-data cause",,,
2020-03-07,weekend_not_in_source,,"USFederalHolidayCalendar label is a calendar match, not proof of missing-data cause",,,
2020-03-08,weekend_not_in_source,,"USFederalHolidayCalendar label is a calendar match, not proof of missing-data cause",,,
2020-03-14,weekend_not_in_source,,"USFederalHolidayCalendar label is a calendar match, not proof of missing-data cause",,,
2020-03-15,weekend_not_in_source,,"USFederalHolidayCalendar label is a calendar match, not proof of missing-data cause",,,
2020-03-21,weekend_not_in_source,,"USFederalHolidayCalendar label is a calendar match, not proof of missing-data cause",,,
2020-03-22,weekend_not_in_source,,"USFederalHolidayCalendar label is a calendar match, not proof of missing-data cause",,,
2020-03-28,weekend_not_in_source,,"USFederalHolidayCalendar label is a calendar match, not proof of missing-data cause",,,
2020-03-29,weekend_not_in_source,,"USFederalHolidayCalendar label is a calendar match, not proof of missing-data cause",,,
2020-04-04,weekend_not_in_source,,"USFederalHolidayCalendar label is a calendar match, not proof of missing-data cause",,,
2020-04-05,weekend_not_in_source,,"USFederalHolidayCalendar label is a calendar match, not proof of missing-data cause",,,
2020-04-11,weekend_not_in_source,,"USFederalHolidayCalendar label is a calendar match, not proof of missing-data cause",,,
2020-04-12,weekend_not_in_source,,"USFederalHolidayCalendar label is a calendar match, not proof of missing-data cause",,,
2020-04-18,weekend_not_in_source,,"USFederalHolidayCalendar label is a calendar match, not proof of missing-data cause",,,
2020-04-19,weekend_not_in_source,,"USFederalHolidayCalendar label is a calendar match, not proof of missing-data cause",,,
2020-04-25,weekend_not_in_source,,"USFederalHolidayCalendar label is a calendar match, not proof of missing-data cause",,,
2020-04-26,weekend_not_in_source,,"USFederalHolidayCalendar label is a calendar match, not proof of missing-data cause",,,
2020-05-02,weekend_not_in_source,,"USFederalHolidayCalendar label is a calendar match, not proof of missing-data cause",,,
2020-05-03,weekend_not_in_source,,"USFederalHolidayCalendar label is a calendar match, not proof of missing-data cause",,,
2020-05-09,weekend_not_in_source,,"USFederalHolidayCalendar label is a calendar match, not proof of missing-data cause",,,
2020-05-10,weekend_not_in_source,,"USFederalHolidayCalendar label is a calendar match, not proof of missing-data cause",,,
2020-05-16,weekend_not_in_source,,"USFederalHolidayCalendar label is a calendar match, not proof of missing-data cause",,,
2020-05-17,weekend_not_in_source,,"USFederalHolidayCalendar label is a calendar match, not proof of missing-data cause",,,
2020-05-23,weekend_not_in_source,,"USFederalHolidayCalendar label is a calendar match, not proof of missing-data cause",,,
2020-05-24,weekend_not_in_source,,"USFederalHolidayCalendar label is a calendar match, not proof of missing-data cause",,,
2020-05-25,explicit_missing,Memorial Day,"USFederalHolidayCalendar label is a calendar match, not proof of missing-data cause",,,
2020-05-30,weekend_not_in_source,,"USFederalHolidayCalendar label is a calendar match, not proof of missing-data cause",,,
2020-05-31,weekend_not_in_source,,"USFederalHolidayCalendar label is a calendar match, not proof of missing-data cause",,,
2020-06-06,weekend_not_in_source,,"USFederalHolidayCalendar label is a calendar match, not proof of missing-data cause",,,
2020-06-07,weekend_not_in_source,,"USFederalHolidayCalendar label is a calendar match, not proof of missing-data cause",,,
2020-06-13,weekend_not_in_source,,"USFederalHolidayCalendar label is a calendar match, not proof of missing-data cause",,,
2020-06-14,weekend_not_in_source,,"USFederalHolidayCalendar label is a calendar match, not proof of missing-data cause",,,
2020-06-20,weekend_not_in_source,,"USFederalHolidayCalendar label is a calendar match, not proof of missing-data cause",,,
2020-06-21,weekend_not_in_source,,"USFederalHolidayCalendar label is a calendar match, not proof of missing-data cause",,,
2020-06-27,weekend_not_in_source,,"USFederalHolidayCalendar label is a calendar match, not proof of missing-data cause",,,
2020-06-28,weekend_not_in_source,,"USFederalHolidayCalendar label is a calendar match, not proof of missing-data cause",,,
2020-07-03,explicit_missing,Independence Day,"USFederalHolidayCalendar label is a calendar match, not proof of missing-data cause",,,
2020-07-04,weekend_not_in_source,,"USFederalHolidayCalendar label is a calendar match, not proof of missing-data cause",,,
2020-07-05,weekend_not_in_source,,"USFederalHolidayCalendar label is a calendar match, not proof of missing-data cause",,,
2020-07-11,weekend_not_in_source,,"USFederalHolidayCalendar label is a calendar match, not proof of missing-data cause",,,
2020-07-12,weekend_not_in_source,,"USFederalHolidayCalendar label is a calendar match, not proof of missing-data cause",,,
2020-07-18,weekend_not_in_source,,"USFederalHolidayCalendar label is a calendar match, not proof of missing-data cause",,,
2020-07-19,weekend_not_in_source,,"USFederalHolidayCalendar label is a calendar match, not proof of missing-data cause",,,
2020-07-25,weekend_not_in_source,,"USFederalHolidayCalendar label is a calendar match, not proof of missing-data cause",,,
2020-07-26,weekend_not_in_source,,"USFederalHolidayCalendar label is a calendar match, not proof of missing-data cause",,,
2020-08-01,weekend_not_in_source,,"USFederalHolidayCalendar label is a calendar match, not proof of missing-data cause",,,
2020-08-02,weekend_not_in_source,,"USFederalHolidayCalendar label is a calendar match, not proof of missing-data cause",,,
2020-08-08,weekend_not_in_source,,"USFederalHolidayCalendar label is a calendar match, not proof of missing-data cause",,,
2020-08-09,weekend_not_in_source,,"USFederalHolidayCalendar label is a calendar match, not proof of missing-data cause",,,
2020-08-15,weekend_not_in_source,,"USFederalHolidayCalendar label is a calendar match, not proof of missing-data cause",,,
2020-08-16,weekend_not_in_source,,"USFederalHolidayCalendar label is a calendar match, not proof of missing-data cause",,,
2020-08-22,weekend_not_in_source,,"USFederalHolidayCalendar label is a calendar match, not proof of missing-data cause",,,
2020-08-23,weekend_not_in_source,,"USFederalHolidayCalendar label is a calendar match, not proof of missing-data cause",,,
2020-08-29,weekend_not_in_source,,"USFederalHolidayCalendar label is a calendar match, not proof of missing-data cause",,,
2020-08-30,weekend_not_in_source,,"USFederalHolidayCalendar label is a calendar match, not proof of missing-data cause",,,
2020-09-05,weekend_not_in_source,,"USFederalHolidayCalendar label is a calendar match, not proof of missing-data cause",,,
2020-09-06,weekend_not_in_source,,"USFederalHolidayCalendar label is a calendar match, not proof of missing-data cause",,,
2020-09-07,explicit_missing,Labor Day,"USFederalHolidayCalendar label is a calendar match, not proof of missing-data cause",,,
2020-09-12,weekend_not_in_source,,"USFederalHolidayCalendar label is a calendar match, not proof of missing-data cause",,,
2020-09-13,weekend_not_in_source,,"USFederalHolidayCalendar label is a calendar match, not proof of missing-data cause",,,
2020-09-19,weekend_not_in_source,,"USFederalHolidayCalendar label is a calendar match, not proof of missing-data cause",,,
2020-09-20,weekend_not_in_source,,"USFederalHolidayCalendar label is a calendar match, not proof of missing-data cause",,,
2020-09-26,weekend_not_in_source,,"USFederalHolidayCalendar label is a calendar match, not proof of missing-data cause",,,
2020-09-27,weekend_not_in_source,,"USFederalHolidayCalendar label is a calendar match, not proof of missing-data cause",,,
2020-10-03,weekend_not_in_source,,"USFederalHolidayCalendar label is a calendar match, not proof of missing-data cause",,,
2020-10-04,weekend_not_in_source,,"USFederalHolidayCalendar label is a calendar match, not proof of missing-data cause",,,
2020-10-10,weekend_not_in_source,,"USFederalHolidayCalendar label is a calendar match, not proof of missing-data cause",,,
2020-10-11,weekend_not_in_source,,"USFederalHolidayCalendar label is a calendar match, not proof of missing-data cause",,,
2020-10-12,explicit_missing,Columbus Day,"USFederalHolidayCalendar label is a calendar match, not proof of missing-data cause",,,
2020-10-17,weekend_not_in_source,,"USFederalHolidayCalendar label is a calendar match, not proof of missing-data cause",,,
2020-10-18,weekend_not_in_source,,"USFederalHolidayCalendar label is a calendar match, not proof of missing-data cause",,,
2020-10-24,weekend_not_in_source,,"USFederalHolidayCalendar label is a calendar match, not proof of missing-data cause",,,
2020-10-25,weekend_not_in_source,,"USFederalHolidayCalendar label is a calendar match, not proof of missing-data cause",,,
2020-10-31,weekend_not_in_source,,"USFederalHolidayCalendar label is a calendar match, not proof of missing-data cause",,,
2020-11-01,weekend_not_in_source,,"USFederalHolidayCalendar label is a calendar match, not proof of missing-data cause",,,
2020-11-07,weekend_not_in_source,,"USFederalHolidayCalendar label is a calendar match, not proof of missing-data cause",,,
2020-11-08,weekend_not_in_source,,"USFederalHolidayCalendar label is a calendar match, not proof of missing-data cause",,,
2020-11-11,explicit_missing,Veterans Day,"USFederalHolidayCalendar label is a calendar match, not proof of missing-data cause",,,
2020-11-14,weekend_not_in_source,,"USFederalHolidayCalendar label is a calendar match, not proof of missing-data cause",,,
2020-11-15,weekend_not_in_source,,"USFederalHolidayCalendar label is a calendar match, not proof of missing-data cause",,,
2020-11-21,weekend_not_in_source,,"USFederalHolidayCalendar label is a calendar match, not proof of missing-data cause",,,
2020-11-22,weekend_not_in_source,,"USFederalHolidayCalendar label is a calendar match, not proof of missing-data cause",,,
2020-11-26,explicit_missing,Thanksgiving Day,"USFederalHolidayCalendar label is a calendar match, not proof of missing-data cause",,,
2020-11-27,explicit_missing,,"USFederalHolidayCalendar label is a calendar match, not proof of missing-data cause",,,
2020-11-28,weekend_not_in_source,,"USFederalHolidayCalendar label is a calendar match, not proof of missing-data cause",,,
2020-11-29,weekend_not_in_source,,"USFederalHolidayCalendar label is a calendar match, not proof of missing-data cause",,,
2020-12-05,weekend_not_in_source,,"USFederalHolidayCalendar label is a calendar match, not proof of missing-data cause",,,
2020-12-06,weekend_not_in_source,,"USFederalHolidayCalendar label is a calendar match, not proof of missing-data cause",,,
2020-12-12,weekend_not_in_source,,"USFederalHolidayCalendar label is a calendar match, not proof of missing-data cause",,,
2020-12-13,weekend_not_in_source,,"USFederalHolidayCalendar label is a calendar match, not proof of missing-data cause",,,
2020-12-19,weekend_not_in_source,,"USFederalHolidayCalendar label is a calendar match, not proof of missing-data cause",,,
2020-12-20,weekend_not_in_source,,"USFederalHolidayCalendar label is a calendar match, not proof of missing-data cause",,,
2020-12-24,explicit_missing,,"USFederalHolidayCalendar label is a calendar match, not proof of missing-data cause",,,
2020-12-25,explicit_missing,Christmas Day,"USFederalHolidayCalendar label is a calendar match, not proof of missing-data cause",,,
2020-12-26,weekend_not_in_source,,"USFederalHolidayCalendar label is a calendar match, not proof of missing-data cause",,,
2020-12-27,weekend_not_in_source,,"USFederalHolidayCalendar label is a calendar match, not proof of missing-data cause",,,
2021-01-01,explicit_missing,New Year's Day,"USFederalHolidayCalendar label is a calendar match, not proof of missing-data cause",,,
2021-01-02,weekend_not_in_source,,"USFederalHolidayCalendar label is a calendar match, not proof of missing-data cause",,,
2021-01-03,weekend_not_in_source,,"USFederalHolidayCalendar label is a calendar match, not proof of missing-data cause",,,
2021-01-09,weekend_not_in_source,,"USFederalHolidayCalendar label is a calendar match, not proof of missing-data cause",,,
2021-01-10,weekend_not_in_source,,"USFederalHolidayCalendar label is a calendar match, not proof of missing-data cause",,,
2021-01-16,weekend_not_in_source,,"USFederalHolidayCalendar label is a calendar match, not proof of missing-data cause",,,
2021-01-17,weekend_not_in_source,,"USFederalHolidayCalendar label is a calendar match, not proof of missing-data cause",,,
2021-01-18,explicit_missing,"Birthday of Martin Luther King, Jr.","USFederalHolidayCalendar label is a calendar match, not proof of missing-data cause",,,
2021-01-20,explicit_missing,,"USFederalHolidayCalendar label is a calendar match, not proof of missing-data cause",,,
2021-01-23,weekend_not_in_source,,"USFederalHolidayCalendar label is a calendar match, not proof of missing-data cause",,,
2021-01-24,weekend_not_in_source,,"USFederalHolidayCalendar label is a calendar match, not proof of missing-data cause",,,
2021-01-30,weekend_not_in_source,,"USFederalHolidayCalendar label is a calendar match, not proof of missing-data cause",,,
2021-01-31,weekend_not_in_source,,"USFederalHolidayCalendar label is a calendar match, not proof of missing-data cause",,,
2021-02-06,weekend_not_in_source,,"USFederalHolidayCalendar label is a calendar match, not proof of missing-data cause",,,
2021-02-07,weekend_not_in_source,,"USFederalHolidayCalendar label is a calendar match, not proof of missing-data cause",,,
2021-02-13,weekend_not_in_source,,"USFederalHolidayCalendar label is a calendar match, not proof of missing-data cause",,,
2021-02-14,weekend_not_in_source,,"USFederalHolidayCalendar label is a calendar match, not proof of missing-data cause",,,
2021-02-15,explicit_missing,Washington's Birthday,"USFederalHolidayCalendar label is a calendar match, not proof of missing-data cause",,,
2021-02-20,weekend_not_in_source,,"USFederalHolidayCalendar label is a calendar match, not proof of missing-data cause",,,
2021-02-21,weekend_not_in_source,,"USFederalHolidayCalendar label is a calendar match, not proof of missing-data cause",,,
2021-02-27,weekend_not_in_source,,"USFederalHolidayCalendar label is a calendar match, not proof of missing-data cause",,,
2021-02-28,weekend_not_in_source,,"USFederalHolidayCalendar label is a calendar match, not proof of missing-data cause",,,
2021-03-06,weekend_not_in_source,,"USFederalHolidayCalendar label is a calendar match, not proof of missing-data cause",,,
2021-03-07,weekend_not_in_source,,"USFederalHolidayCalendar label is a calendar match, not proof of missing-data cause",,,
2021-03-13,weekend_not_in_source,,"USFederalHolidayCalendar label is a calendar match, not proof of missing-data cause",,,
2021-03-14,weekend_not_in_source,,"USFederalHolidayCalendar label is a calendar match, not proof of missing-data cause",,,
2021-03-20,weekend_not_in_source,,"USFederalHolidayCalendar label is a calendar match, not proof of missing-data cause",,,
2021-03-21,weekend_not_in_source,,"USFederalHolidayCalendar label is a calendar match, not proof of missing-data cause",,,
2021-03-27,weekend_not_in_source,,"USFederalHolidayCalendar label is a calendar match, not proof of missing-data cause",,,
2021-03-28,weekend_not_in_source,,"USFederalHolidayCalendar label is a calendar match, not proof of missing-data cause",,,
2021-04-03,weekend_not_in_source,,"USFederalHolidayCalendar label is a calendar match, not proof of missing-data cause",,,
2021-04-04,weekend_not_in_source,,"USFederalHolidayCalendar label is a calendar match, not proof of missing-data cause",,,
2021-04-10,weekend_not_in_source,,"USFederalHolidayCalendar label is a calendar match, not proof of missing-data cause",,,
2021-04-11,weekend_not_in_source,,"USFederalHolidayCalendar label is a calendar match, not proof of missing-data cause",,,
2021-04-17,weekend_not_in_source,,"USFederalHolidayCalendar label is a calendar match, not proof of missing-data cause",,,
2021-04-18,weekend_not_in_source,,"USFederalHolidayCalendar label is a calendar match, not proof of missing-data cause",,,
2021-04-24,weekend_not_in_source,,"USFederalHolidayCalendar label is a calendar match, not proof of missing-data cause",,,
2021-04-25,weekend_not_in_source,,"USFederalHolidayCalendar label is a calendar match, not proof of missing-data cause",,,
2021-05-01,weekend_not_in_source,,"USFederalHolidayCalendar label is a calendar match, not proof of missing-data cause",,,
2021-05-02,weekend_not_in_source,,"USFederalHolidayCalendar label is a calendar match, not proof of missing-data cause",,,
2021-05-08,weekend_not_in_source,,"USFederalHolidayCalendar label is a calendar match, not proof of missing-data cause",,,
2021-05-09,weekend_not_in_source,,"USFederalHolidayCalendar label is a calendar match, not proof of missing-data cause",,,
2021-05-15,weekend_not_in_source,,"USFederalHolidayCalendar label is a calendar match, not proof of missing-data cause",,,
2021-05-16,weekend_not_in_source,,"USFederalHolidayCalendar label is a calendar match, not proof of missing-data cause",,,
2021-05-22,weekend_not_in_source,,"USFederalHolidayCalendar label is a calendar match, not proof of missing-data cause",,,
2021-05-23,weekend_not_in_source,,"USFederalHolidayCalendar label is a calendar match, not proof of missing-data cause",,,
2021-05-29,weekend_not_in_source,,"USFederalHolidayCalendar label is a calendar match, not proof of missing-data cause",,,
2021-05-30,weekend_not_in_source,,"USFederalHolidayCalendar label is a calendar match, not proof of missing-data cause",,,
2021-05-31,explicit_missing,Memorial Day,"USFederalHolidayCalendar label is a calendar match, not proof of missing-data cause",,,
2021-06-05,weekend_not_in_source,,"USFederalHolidayCalendar label is a calendar match, not proof of missing-data cause",,,
2021-06-06,weekend_not_in_source,,"USFederalHolidayCalendar label is a calendar match, not proof of missing-data cause",,,
2021-06-12,weekend_not_in_source,,"USFederalHolidayCalendar label is a calendar match, not proof of missing-data cause",,,
2021-06-13,weekend_not_in_source,,"USFederalHolidayCalendar label is a calendar match, not proof of missing-data cause",,,
2021-06-19,weekend_not_in_source,,"USFederalHolidayCalendar label is a calendar match, not proof of missing-data cause",,,
2021-06-20,weekend_not_in_source,,"USFederalHolidayCalendar label is a calendar match, not proof of missing-data cause",,,
2021-06-26,weekend_not_in_source,,"USFederalHolidayCalendar label is a calendar match, not proof of missing-data cause",,,
2021-06-27,weekend_not_in_source,,"USFederalHolidayCalendar label is a calendar match, not proof of missing-data cause",,,
2021-07-03,weekend_not_in_source,,"USFederalHolidayCalendar label is a calendar match, not proof of missing-data cause",,,
2021-07-04,weekend_not_in_source,,"USFederalHolidayCalendar label is a calendar match, not proof of missing-data cause",,,
2021-07-05,explicit_missing,Independence Day,"USFederalHolidayCalendar label is a calendar match, not proof of missing-data cause",,,
2021-07-10,weekend_not_in_source,,"USFederalHolidayCalendar label is a calendar match, not proof of missing-data cause",,,
2021-07-11,weekend_not_in_source,,"USFederalHolidayCalendar label is a calendar match, not proof of missing-data cause",,,
2021-07-17,weekend_not_in_source,,"USFederalHolidayCalendar label is a calendar match, not proof of missing-data cause",,,
2021-07-18,weekend_not_in_source,,"USFederalHolidayCalendar label is a calendar match, not proof of missing-data cause",,,
2021-07-24,weekend_not_in_source,,"USFederalHolidayCalendar label is a calendar match, not proof of missing-data cause",,,
2021-07-25,weekend_not_in_source,,"USFederalHolidayCalendar label is a calendar match, not proof of missing-data cause",,,
2021-07-31,weekend_not_in_source,,"USFederalHolidayCalendar label is a calendar match, not proof of missing-data cause",,,
2021-08-01,weekend_not_in_source,,"USFederalHolidayCalendar label is a calendar match, not proof of missing-data cause",,,
2021-08-07,weekend_not_in_source,,"USFederalHolidayCalendar label is a calendar match, not proof of missing-data cause",,,
2021-08-08,weekend_not_in_source,,"USFederalHolidayCalendar label is a calendar match, not proof of missing-data cause",,,
2021-08-14,weekend_not_in_source,,"USFederalHolidayCalendar label is a calendar match, not proof of missing-data cause",,,
2021-08-15,weekend_not_in_source,,"USFederalHolidayCalendar label is a calendar match, not proof of missing-data cause",,,
2021-08-21,weekend_not_in_source,,"USFederalHolidayCalendar label is a calendar match, not proof of missing-data cause",,,
2021-08-22,weekend_not_in_source,,"USFederalHolidayCalendar label is a calendar match, not proof of missing-data cause",,,
2021-08-28,weekend_not_in_source,,"USFederalHolidayCalendar label is a calendar match, not proof of missing-data cause",,,
2021-08-29,weekend_not_in_source,,"USFederalHolidayCalendar label is a calendar match, not proof of missing-data cause",,,
2021-09-04,weekend_not_in_source,,"USFederalHolidayCalendar label is a calendar match, not proof of missing-data cause",,,
2021-09-05,weekend_not_in_source,,"USFederalHolidayCalendar label is a calendar match, not proof of missing-data cause",,,
2021-09-06,explicit_missing,Labor Day,"USFederalHolidayCalendar label is a calendar match, not proof of missing-data cause",,,
2021-09-11,weekend_not_in_source,,"USFederalHolidayCalendar label is a calendar match, not proof of missing-data cause",,,
2021-09-12,weekend_not_in_source,,"USFederalHolidayCalendar label is a calendar match, not proof of missing-data cause",,,
2021-09-18,weekend_not_in_source,,"USFederalHolidayCalendar label is a calendar match, not proof of missing-data cause",,,
2021-09-19,weekend_not_in_source,,"USFederalHolidayCalendar label is a calendar match, not proof of missing-data cause",,,
2021-09-25,weekend_not_in_source,,"USFederalHolidayCalendar label is a calendar match, not proof of missing-data cause",,,
2021-09-26,weekend_not_in_source,,"USFederalHolidayCalendar label is a calendar match, not proof of missing-data cause",,,
2021-10-02,weekend_not_in_source,,"USFederalHolidayCalendar label is a calendar match, not proof of missing-data cause",,,
2021-10-03,weekend_not_in_source,,"USFederalHolidayCalendar label is a calendar match, not proof of missing-data cause",,,
2021-10-09,weekend_not_in_source,,"USFederalHolidayCalendar label is a calendar match, not proof of missing-data cause",,,
2021-10-10,weekend_not_in_source,,"USFederalHolidayCalendar label is a calendar match, not proof of missing-data cause",,,
2021-10-11,explicit_missing,Columbus Day,"USFederalHolidayCalendar label is a calendar match, not proof of missing-data cause",,,
2021-10-16,weekend_not_in_source,,"USFederalHolidayCalendar label is a calendar match, not proof of missing-data cause",,,
2021-10-17,weekend_not_in_source,,"USFederalHolidayCalendar label is a calendar match, not proof of missing-data cause",,,
2021-10-23,weekend_not_in_source,,"USFederalHolidayCalendar label is a calendar match, not proof of missing-data cause",,,
2021-10-24,weekend_not_in_source,,"USFederalHolidayCalendar label is a calendar match, not proof of missing-data cause",,,
2021-10-30,weekend_not_in_source,,"USFederalHolidayCalendar label is a calendar match, not proof of missing-data cause",,,
2021-10-31,weekend_not_in_source,,"USFederalHolidayCalendar label is a calendar match, not proof of missing-data cause",,,
2021-11-06,weekend_not_in_source,,"USFederalHolidayCalendar label is a calendar match, not proof of missing-data cause",,,
2021-11-07,weekend_not_in_source,,"USFederalHolidayCalendar label is a calendar match, not proof of missing-data cause",,,
2021-11-11,explicit_missing,Veterans Day,"USFederalHolidayCalendar label is a calendar match, not proof of missing-data cause",,,
2021-11-13,weekend_not_in_source,,"USFederalHolidayCalendar label is a calendar match, not proof of missing-data cause",,,
2021-11-14,weekend_not_in_source,,"USFederalHolidayCalendar label is a calendar match, not proof of missing-data cause",,,
2021-11-20,weekend_not_in_source,,"USFederalHolidayCalendar label is a calendar match, not proof of missing-data cause",,,
2021-11-21,weekend_not_in_source,,"USFederalHolidayCalendar label is a calendar match, not proof of missing-data cause",,,
2021-11-25,explicit_missing,Thanksgiving Day,"USFederalHolidayCalendar label is a calendar match, not proof of missing-data cause",,,
2021-11-27,weekend_not_in_source,,"USFederalHolidayCalendar label is a calendar match, not proof of missing-data cause",,,
2021-11-28,weekend_not_in_source,,"USFederalHolidayCalendar label is a calendar match, not proof of missing-data cause",,,
2021-12-04,weekend_not_in_source,,"USFederalHolidayCalendar label is a calendar match, not proof of missing-data cause",,,
2021-12-05,weekend_not_in_source,,"USFederalHolidayCalendar label is a calendar match, not proof of missing-data cause",,,
2021-12-11,weekend_not_in_source,,"USFederalHolidayCalendar label is a calendar match, not proof of missing-data cause",,,
2021-12-12,weekend_not_in_source,,"USFederalHolidayCalendar label is a calendar match, not proof of missing-data cause",,,
2021-12-18,weekend_not_in_source,,"USFederalHolidayCalendar label is a calendar match, not proof of missing-data cause",,,
2021-12-19,weekend_not_in_source,,"USFederalHolidayCalendar label is a calendar match, not proof of missing-data cause",,,
2021-12-24,explicit_missing,Christmas Day,"USFederalHolidayCalendar label is a calendar match, not proof of missing-data cause",,,
2021-12-25,weekend_not_in_source,,"USFederalHolidayCalendar label is a calendar match, not proof of missing-data cause",,,
2021-12-26,weekend_not_in_source,,"USFederalHolidayCalendar label is a calendar match, not proof of missing-data cause",,,
2021-12-31,explicit_missing,New Year's Day,"USFederalHolidayCalendar label is a calendar match, not proof of missing-data cause",,,
2022-01-01,weekend_not_in_source,,"USFederalHolidayCalendar label is a calendar match, not proof of missing-data cause",,,
2022-01-02,weekend_not_in_source,,"USFederalHolidayCalendar label is a calendar match, not proof of missing-data cause",,,
2022-01-08,weekend_not_in_source,,"USFederalHolidayCalendar label is a calendar match, not proof of missing-data cause",,,
2022-01-09,weekend_not_in_source,,"USFederalHolidayCalendar label is a calendar match, not proof of missing-data cause",,,
2022-01-15,weekend_not_in_source,,"USFederalHolidayCalendar label is a calendar match, not proof of missing-data cause",,,
2022-01-16,weekend_not_in_source,,"USFederalHolidayCalendar label is a calendar match, not proof of missing-data cause",,,
2022-01-17,explicit_missing,"Birthday of Martin Luther King, Jr.","USFederalHolidayCalendar label is a calendar match, not proof of missing-data cause",,,
2022-01-22,weekend_not_in_source,,"USFederalHolidayCalendar label is a calendar match, not proof of missing-data cause",,,
2022-01-23,weekend_not_in_source,,"USFederalHolidayCalendar label is a calendar match, not proof of missing-data cause",,,
2022-01-29,weekend_not_in_source,,"USFederalHolidayCalendar label is a calendar match, not proof of missing-data cause",,,
2022-01-30,weekend_not_in_source,,"USFederalHolidayCalendar label is a calendar match, not proof of missing-data cause",,,
2022-02-05,weekend_not_in_source,,"USFederalHolidayCalendar label is a calendar match, not proof of missing-data cause",,,
2022-02-06,weekend_not_in_source,,"USFederalHolidayCalendar label is a calendar match, not proof of missing-data cause",,,
2022-02-12,weekend_not_in_source,,"USFederalHolidayCalendar label is a calendar match, not proof of missing-data cause",,,
2022-02-13,weekend_not_in_source,,"USFederalHolidayCalendar label is a calendar match, not proof of missing-data cause",,,
2022-02-19,weekend_not_in_source,,"USFederalHolidayCalendar label is a calendar match, not proof of missing-data cause",,,
2022-02-20,weekend_not_in_source,,"USFederalHolidayCalendar label is a calendar match, not proof of missing-data cause",,,
2022-02-21,explicit_missing,Washington's Birthday,"USFederalHolidayCalendar label is a calendar match, not proof of missing-data cause",,,
2022-02-26,weekend_not_in_source,,"USFederalHolidayCalendar label is a calendar match, not proof of missing-data cause",,,
2022-02-27,weekend_not_in_source,,"USFederalHolidayCalendar label is a calendar match, not proof of missing-data cause",,,
2022-03-05,weekend_not_in_source,,"USFederalHolidayCalendar label is a calendar match, not proof of missing-data cause",,,
2022-03-06,weekend_not_in_source,,"USFederalHolidayCalendar label is a calendar match, not proof of missing-data cause",,,
2022-03-12,weekend_not_in_source,,"USFederalHolidayCalendar label is a calendar match, not proof of missing-data cause",,,
2022-03-13,weekend_not_in_source,,"USFederalHolidayCalendar label is a calendar match, not proof of missing-data cause",,,
2022-03-19,weekend_not_in_source,,"USFederalHolidayCalendar label is a calendar match, not proof of missing-data cause",,,
2022-03-20,weekend_not_in_source,,"USFederalHolidayCalendar label is a calendar match, not proof of missing-data cause",,,
2022-03-26,weekend_not_in_source,,"USFederalHolidayCalendar label is a calendar match, not proof of missing-data cause",,,
2022-03-27,weekend_not_in_source,,"USFederalHolidayCalendar label is a calendar match, not proof of missing-data cause",,,
2022-04-02,weekend_not_in_source,,"USFederalHolidayCalendar label is a calendar match, not proof of missing-data cause",,,
2022-04-03,weekend_not_in_source,,"USFederalHolidayCalendar label is a calendar match, not proof of missing-data cause",,,
2022-04-09,weekend_not_in_source,,"USFederalHolidayCalendar label is a calendar match, not proof of missing-data cause",,,
2022-04-10,weekend_not_in_source,,"USFederalHolidayCalendar label is a calendar match, not proof of missing-data cause",,,
2022-04-16,weekend_not_in_source,,"USFederalHolidayCalendar label is a calendar match, not proof of missing-data cause",,,
2022-04-17,weekend_not_in_source,,"USFederalHolidayCalendar label is a calendar match, not proof of missing-data cause",,,
2022-04-23,weekend_not_in_source,,"USFederalHolidayCalendar label is a calendar match, not proof of missing-data cause",,,
2022-04-24,weekend_not_in_source,,"USFederalHolidayCalendar label is a calendar match, not proof of missing-data cause",,,
2022-04-30,weekend_not_in_source,,"USFederalHolidayCalendar label is a calendar match, not proof of missing-data cause",,,
2022-05-01,weekend_not_in_source,,"USFederalHolidayCalendar label is a calendar match, not proof of missing-data cause",,,
2022-05-07,weekend_not_in_source,,"USFederalHolidayCalendar label is a calendar match, not proof of missing-data cause",,,
2022-05-08,weekend_not_in_source,,"USFederalHolidayCalendar label is a calendar match, not proof of missing-data cause",,,
2022-05-14,weekend_not_in_source,,"USFederalHolidayCalendar label is a calendar match, not proof of missing-data cause",,,
2022-05-15,weekend_not_in_source,,"USFederalHolidayCalendar label is a calendar match, not proof of missing-data cause",,,
2022-05-21,weekend_not_in_source,,"USFederalHolidayCalendar label is a calendar match, not proof of missing-data cause",,,
2022-05-22,weekend_not_in_source,,"USFederalHolidayCalendar label is a calendar match, not proof of missing-data cause",,,
2022-05-28,weekend_not_in_source,,"USFederalHolidayCalendar label is a calendar match, not proof of missing-data cause",,,
2022-05-29,weekend_not_in_source,,"USFederalHolidayCalendar label is a calendar match, not proof of missing-data cause",,,
2022-05-30,explicit_missing,Memorial Day,"USFederalHolidayCalendar label is a calendar match, not proof of missing-data cause",,,
2022-06-04,weekend_not_in_source,,"USFederalHolidayCalendar label is a calendar match, not proof of missing-data cause",,,
2022-06-05,weekend_not_in_source,,"USFederalHolidayCalendar label is a calendar match, not proof of missing-data cause",,,
2022-06-11,weekend_not_in_source,,"USFederalHolidayCalendar label is a calendar match, not proof of missing-data cause",,,
2022-06-12,weekend_not_in_source,,"USFederalHolidayCalendar label is a calendar match, not proof of missing-data cause",,,
2022-06-18,weekend_not_in_source,,"USFederalHolidayCalendar label is a calendar match, not proof of missing-data cause",,,
2022-06-19,weekend_not_in_source,,"USFederalHolidayCalendar label is a calendar match, not proof of missing-data cause",,,
2022-06-20,explicit_missing,Juneteenth National Independence Day,"USFederalHolidayCalendar label is a calendar match, not proof of missing-data cause",,,
2022-06-25,weekend_not_in_source,,"USFederalHolidayCalendar label is a calendar match, not proof of missing-data cause",,,
2022-06-26,weekend_not_in_source,,"USFederalHolidayCalendar label is a calendar match, not proof of missing-data cause",,,
2022-07-02,weekend_not_in_source,,"USFederalHolidayCalendar label is a calendar match, not proof of missing-data cause",,,
2022-07-03,weekend_not_in_source,,"USFederalHolidayCalendar label is a calendar match, not proof of missing-data cause",,,
2022-07-04,explicit_missing,Independence Day,"USFederalHolidayCalendar label is a calendar match, not proof of missing-data cause",,,
2022-07-09,weekend_not_in_source,,"USFederalHolidayCalendar label is a calendar match, not proof of missing-data cause",,,
2022-07-10,weekend_not_in_source,,"USFederalHolidayCalendar label is a calendar match, not proof of missing-data cause",,,
2022-07-16,weekend_not_in_source,,"USFederalHolidayCalendar label is a calendar match, not proof of missing-data cause",,,
2022-07-17,weekend_not_in_source,,"USFederalHolidayCalendar label is a calendar match, not proof of missing-data cause",,,
2022-07-23,weekend_not_in_source,,"USFederalHolidayCalendar label is a calendar match, not proof of missing-data cause",,,
2022-07-24,weekend_not_in_source,,"USFederalHolidayCalendar label is a calendar match, not proof of missing-data cause",,,
2022-07-30,weekend_not_in_source,,"USFederalHolidayCalendar label is a calendar match, not proof of missing-data cause",,,
2022-07-31,weekend_not_in_source,,"USFederalHolidayCalendar label is a calendar match, not proof of missing-data cause",,,
2022-08-06,weekend_not_in_source,,"USFederalHolidayCalendar label is a calendar match, not proof of missing-data cause",,,
2022-08-07,weekend_not_in_source,,"USFederalHolidayCalendar label is a calendar match, not proof of missing-data cause",,,
2022-08-13,weekend_not_in_source,,"USFederalHolidayCalendar label is a calendar match, not proof of missing-data cause",,,
2022-08-14,weekend_not_in_source,,"USFederalHolidayCalendar label is a calendar match, not proof of missing-data cause",,,
2022-08-20,weekend_not_in_source,,"USFederalHolidayCalendar label is a calendar match, not proof of missing-data cause",,,
2022-08-21,weekend_not_in_source,,"USFederalHolidayCalendar label is a calendar match, not proof of missing-data cause",,,
2022-08-27,weekend_not_in_source,,"USFederalHolidayCalendar label is a calendar match, not proof of missing-data cause",,,
2022-08-28,weekend_not_in_source,,"USFederalHolidayCalendar label is a calendar match, not proof of missing-data cause",,,
2022-09-03,weekend_not_in_source,,"USFederalHolidayCalendar label is a calendar match, not proof of missing-data cause",,,
2022-09-04,weekend_not_in_source,,"USFederalHolidayCalendar label is a calendar match, not proof of missing-data cause",,,
2022-09-05,explicit_missing,Labor Day,"USFederalHolidayCalendar label is a calendar match, not proof of missing-data cause",,,
2022-09-10,weekend_not_in_source,,"USFederalHolidayCalendar label is a calendar match, not proof of missing-data cause",,,
2022-09-11,weekend_not_in_source,,"USFederalHolidayCalendar label is a calendar match, not proof of missing-data cause",,,
2022-09-17,weekend_not_in_source,,"USFederalHolidayCalendar label is a calendar match, not proof of missing-data cause",,,
2022-09-18,weekend_not_in_source,,"USFederalHolidayCalendar label is a calendar match, not proof of missing-data cause",,,
2022-09-24,weekend_not_in_source,,"USFederalHolidayCalendar label is a calendar match, not proof of missing-data cause",,,
2022-09-25,weekend_not_in_source,,"USFederalHolidayCalendar label is a calendar match, not proof of missing-data cause",,,
2022-10-01,weekend_not_in_source,,"USFederalHolidayCalendar label is a calendar match, not proof of missing-data cause",,,
2022-10-02,weekend_not_in_source,,"USFederalHolidayCalendar label is a calendar match, not proof of missing-data cause",,,
2022-10-08,weekend_not_in_source,,"USFederalHolidayCalendar label is a calendar match, not proof of missing-data cause",,,
2022-10-09,weekend_not_in_source,,"USFederalHolidayCalendar label is a calendar match, not proof of missing-data cause",,,
2022-10-10,explicit_missing,Columbus Day,"USFederalHolidayCalendar label is a calendar match, not proof of missing-data cause",,,
2022-10-15,weekend_not_in_source,,"USFederalHolidayCalendar label is a calendar match, not proof of missing-data cause",,,
2022-10-16,weekend_not_in_source,,"USFederalHolidayCalendar label is a calendar match, not proof of missing-data cause",,,
2022-10-22,weekend_not_in_source,,"USFederalHolidayCalendar label is a calendar match, not proof of missing-data cause",,,
2022-10-23,weekend_not_in_source,,"USFederalHolidayCalendar label is a calendar match, not proof of missing-data cause",,,
2022-10-29,weekend_not_in_source,,"USFederalHolidayCalendar label is a calendar match, not proof of missing-data cause",,,
2022-10-30,weekend_not_in_source,,"USFederalHolidayCalendar label is a calendar match, not proof of missing-data cause",,,
2022-11-05,weekend_not_in_source,,"USFederalHolidayCalendar label is a calendar match, not proof of missing-data cause",,,
2022-11-06,weekend_not_in_source,,"USFederalHolidayCalendar label is a calendar match, not proof of missing-data cause",,,
2022-11-11,explicit_missing,Veterans Day,"USFederalHolidayCalendar label is a calendar match, not proof of missing-data cause",,,
2022-11-12,weekend_not_in_source,,"USFederalHolidayCalendar label is a calendar match, not proof of missing-data cause",,,
2022-11-13,weekend_not_in_source,,"USFederalHolidayCalendar label is a calendar match, not proof of missing-data cause",,,
2022-11-19,weekend_not_in_source,,"USFederalHolidayCalendar label is a calendar match, not proof of missing-data cause",,,
2022-11-20,weekend_not_in_source,,"USFederalHolidayCalendar label is a calendar match, not proof of missing-data cause",,,
2022-11-24,explicit_missing,Thanksgiving Day,"USFederalHolidayCalendar label is a calendar match, not proof of missing-data cause",,,
2022-11-26,weekend_not_in_source,,"USFederalHolidayCalendar label is a calendar match, not proof of missing-data cause",,,
2022-11-27,weekend_not_in_source,,"USFederalHolidayCalendar label is a calendar match, not proof of missing-data cause",,,
2022-12-03,weekend_not_in_source,,"USFederalHolidayCalendar label is a calendar match, not proof of missing-data cause",,,
2022-12-04,weekend_not_in_source,,"USFederalHolidayCalendar label is a calendar match, not proof of missing-data cause",,,
2022-12-10,weekend_not_in_source,,"USFederalHolidayCalendar label is a calendar match, not proof of missing-data cause",,,
2022-12-11,weekend_not_in_source,,"USFederalHolidayCalendar label is a calendar match, not proof of missing-data cause",,,
2022-12-17,weekend_not_in_source,,"USFederalHolidayCalendar label is a calendar match, not proof of missing-data cause",,,
2022-12-18,weekend_not_in_source,,"USFederalHolidayCalendar label is a calendar match, not proof of missing-data cause",,,
2022-12-24,weekend_not_in_source,,"USFederalHolidayCalendar label is a calendar match, not proof of missing-data cause",,,
2022-12-25,weekend_not_in_source,,"USFederalHolidayCalendar label is a calendar match, not proof of missing-data cause",,,
2022-12-26,explicit_missing,Christmas Day,"USFederalHolidayCalendar label is a calendar match, not proof of missing-data cause",,,
2022-12-31,weekend_not_in_source,,"USFederalHolidayCalendar label is a calendar match, not proof of missing-data cause",,,
2023-01-01,weekend_not_in_source,,"USFederalHolidayCalendar label is a calendar match, not proof of missing-data cause",,,
2023-01-02,explicit_missing,New Year's Day,"USFederalHolidayCalendar label is a calendar match, not proof of missing-data cause",,,
2023-01-07,weekend_not_in_source,,"USFederalHolidayCalendar label is a calendar match, not proof of missing-data cause",,,
2023-01-08,weekend_not_in_source,,"USFederalHolidayCalendar label is a calendar match, not proof of missing-data cause",,,
2023-01-14,weekend_not_in_source,,"USFederalHolidayCalendar label is a calendar match, not proof of missing-data cause",,,
2023-01-15,weekend_not_in_source,,"USFederalHolidayCalendar label is a calendar match, not proof of missing-data cause",,,
2023-01-16,explicit_missing,"Birthday of Martin Luther King, Jr.","USFederalHolidayCalendar label is a calendar match, not proof of missing-data cause",,,
2023-01-21,weekend_not_in_source,,"USFederalHolidayCalendar label is a calendar match, not proof of missing-data cause",,,
2023-01-22,weekend_not_in_source,,"USFederalHolidayCalendar label is a calendar match, not proof of missing-data cause",,,
2023-01-28,weekend_not_in_source,,"USFederalHolidayCalendar label is a calendar match, not proof of missing-data cause",,,
2023-01-29,weekend_not_in_source,,"USFederalHolidayCalendar label is a calendar match, not proof of missing-data cause",,,
2023-02-04,weekend_not_in_source,,"USFederalHolidayCalendar label is a calendar match, not proof of missing-data cause",,,
2023-02-05,weekend_not_in_source,,"USFederalHolidayCalendar label is a calendar match, not proof of missing-data cause",,,
2023-02-11,weekend_not_in_source,,"USFederalHolidayCalendar label is a calendar match, not proof of missing-data cause",,,
2023-02-12,weekend_not_in_source,,"USFederalHolidayCalendar label is a calendar match, not proof of missing-data cause",,,
2023-02-18,weekend_not_in_source,,"USFederalHolidayCalendar label is a calendar match, not proof of missing-data cause",,,
2023-02-19,weekend_not_in_source,,"USFederalHolidayCalendar label is a calendar match, not proof of missing-data cause",,,
2023-02-20,explicit_missing,Washington's Birthday,"USFederalHolidayCalendar label is a calendar match, not proof of missing-data cause",,,
2023-02-25,weekend_not_in_source,,"USFederalHolidayCalendar label is a calendar match, not proof of missing-data cause",,,
2023-02-26,weekend_not_in_source,,"USFederalHolidayCalendar label is a calendar match, not proof of missing-data cause",,,
2023-03-04,weekend_not_in_source,,"USFederalHolidayCalendar label is a calendar match, not proof of missing-data cause",,,
2023-03-05,weekend_not_in_source,,"USFederalHolidayCalendar label is a calendar match, not proof of missing-data cause",,,
2023-03-11,weekend_not_in_source,,"USFederalHolidayCalendar label is a calendar match, not proof of missing-data cause",,,
2023-03-12,weekend_not_in_source,,"USFederalHolidayCalendar label is a calendar match, not proof of missing-data cause",,,
2023-03-18,weekend_not_in_source,,"USFederalHolidayCalendar label is a calendar match, not proof of missing-data cause",,,
2023-03-19,weekend_not_in_source,,"USFederalHolidayCalendar label is a calendar match, not proof of missing-data cause",,,
2023-03-25,weekend_not_in_source,,"USFederalHolidayCalendar label is a calendar match, not proof of missing-data cause",,,
2023-03-26,weekend_not_in_source,,"USFederalHolidayCalendar label is a calendar match, not proof of missing-data cause",,,
2023-04-01,weekend_not_in_source,,"USFederalHolidayCalendar label is a calendar match, not proof of missing-data cause",,,
2023-04-02,weekend_not_in_source,,"USFederalHolidayCalendar label is a calendar match, not proof of missing-data cause",,,
2023-04-08,weekend_not_in_source,,"USFederalHolidayCalendar label is a calendar match, not proof of missing-data cause",,,
2023-04-09,weekend_not_in_source,,"USFederalHolidayCalendar label is a calendar match, not proof of missing-data cause",,,
2023-04-15,weekend_not_in_source,,"USFederalHolidayCalendar label is a calendar match, not proof of missing-data cause",,,
2023-04-16,weekend_not_in_source,,"USFederalHolidayCalendar label is a calendar match, not proof of missing-data cause",,,
2023-04-22,weekend_not_in_source,,"USFederalHolidayCalendar label is a calendar match, not proof of missing-data cause",,,
2023-04-23,weekend_not_in_source,,"USFederalHolidayCalendar label is a calendar match, not proof of missing-data cause",,,
2023-04-29,weekend_not_in_source,,"USFederalHolidayCalendar label is a calendar match, not proof of missing-data cause",,,
2023-04-30,weekend_not_in_source,,"USFederalHolidayCalendar label is a calendar match, not proof of missing-data cause",,,
2023-05-06,weekend_not_in_source,,"USFederalHolidayCalendar label is a calendar match, not proof of missing-data cause",,,
2023-05-07,weekend_not_in_source,,"USFederalHolidayCalendar label is a calendar match, not proof of missing-data cause",,,
2023-05-13,weekend_not_in_source,,"USFederalHolidayCalendar label is a calendar match, not proof of missing-data cause",,,
2023-05-14,weekend_not_in_source,,"USFederalHolidayCalendar label is a calendar match, not proof of missing-data cause",,,
2023-05-20,weekend_not_in_source,,"USFederalHolidayCalendar label is a calendar match, not proof of missing-data cause",,,
2023-05-21,weekend_not_in_source,,"USFederalHolidayCalendar label is a calendar match, not proof of missing-data cause",,,
2023-05-27,weekend_not_in_source,,"USFederalHolidayCalendar label is a calendar match, not proof of missing-data cause",,,
2023-05-28,weekend_not_in_source,,"USFederalHolidayCalendar label is a calendar match, not proof of missing-data cause",,,
2023-05-29,explicit_missing,Memorial Day,"USFederalHolidayCalendar label is a calendar match, not proof of missing-data cause",,,
2023-06-03,weekend_not_in_source,,"USFederalHolidayCalendar label is a calendar match, not proof of missing-data cause",,,
2023-06-04,weekend_not_in_source,,"USFederalHolidayCalendar label is a calendar match, not proof of missing-data cause",,,
2023-06-10,weekend_not_in_source,,"USFederalHolidayCalendar label is a calendar match, not proof of missing-data cause",,,
2023-06-11,weekend_not_in_source,,"USFederalHolidayCalendar label is a calendar match, not proof of missing-data cause",,,
2023-06-17,weekend_not_in_source,,"USFederalHolidayCalendar label is a calendar match, not proof of missing-data cause",,,
2023-06-18,weekend_not_in_source,,"USFederalHolidayCalendar label is a calendar match, not proof of missing-data cause",,,
2023-06-19,explicit_missing,Juneteenth National Independence Day,"USFederalHolidayCalendar label is a calendar match, not proof of missing-data cause",,,
2023-06-24,weekend_not_in_source,,"USFederalHolidayCalendar label is a calendar match, not proof of missing-data cause",,,
2023-06-25,weekend_not_in_source,,"USFederalHolidayCalendar label is a calendar match, not proof of missing-data cause",,,
2023-07-01,weekend_not_in_source,,"USFederalHolidayCalendar label is a calendar match, not proof of missing-data cause",,,
2023-07-02,weekend_not_in_source,,"USFederalHolidayCalendar label is a calendar match, not proof of missing-data cause",,,
2023-07-04,explicit_missing,Independence Day,"USFederalHolidayCalendar label is a calendar match, not proof of missing-data cause",,,
2023-07-08,weekend_not_in_source,,"USFederalHolidayCalendar label is a calendar match, not proof of missing-data cause",,,
2023-07-09,weekend_not_in_source,,"USFederalHolidayCalendar label is a calendar match, not proof of missing-data cause",,,
2023-07-15,weekend_not_in_source,,"USFederalHolidayCalendar label is a calendar match, not proof of missing-data cause",,,
2023-07-16,weekend_not_in_source,,"USFederalHolidayCalendar label is a calendar match, not proof of missing-data cause",,,
2023-07-22,weekend_not_in_source,,"USFederalHolidayCalendar label is a calendar match, not proof of missing-data cause",,,
2023-07-23,weekend_not_in_source,,"USFederalHolidayCalendar label is a calendar match, not proof of missing-data cause",,,
2023-07-29,weekend_not_in_source,,"USFederalHolidayCalendar label is a calendar match, not proof of missing-data cause",,,
2023-07-30,weekend_not_in_source,,"USFederalHolidayCalendar label is a calendar match, not proof of missing-data cause",,,
2023-08-05,weekend_not_in_source,,"USFederalHolidayCalendar label is a calendar match, not proof of missing-data cause",,,
2023-08-06,weekend_not_in_source,,"USFederalHolidayCalendar label is a calendar match, not proof of missing-data cause",,,
2023-08-12,weekend_not_in_source,,"USFederalHolidayCalendar label is a calendar match, not proof of missing-data cause",,,
2023-08-13,weekend_not_in_source,,"USFederalHolidayCalendar label is a calendar match, not proof of missing-data cause",,,
2023-08-19,weekend_not_in_source,,"USFederalHolidayCalendar label is a calendar match, not proof of missing-data cause",,,
2023-08-20,weekend_not_in_source,,"USFederalHolidayCalendar label is a calendar match, not proof of missing-data cause",,,
2023-08-26,weekend_not_in_source,,"USFederalHolidayCalendar label is a calendar match, not proof of missing-data cause",,,
2023-08-27,weekend_not_in_source,,"USFederalHolidayCalendar label is a calendar match, not proof of missing-data cause",,,
2023-09-02,weekend_not_in_source,,"USFederalHolidayCalendar label is a calendar match, not proof of missing-data cause",,,
2023-09-03,weekend_not_in_source,,"USFederalHolidayCalendar label is a calendar match, not proof of missing-data cause",,,
2023-09-04,explicit_missing,Labor Day,"USFederalHolidayCalendar label is a calendar match, not proof of missing-data cause",,,
2023-09-09,weekend_not_in_source,,"USFederalHolidayCalendar label is a calendar match, not proof of missing-data cause",,,
2023-09-10,weekend_not_in_source,,"USFederalHolidayCalendar label is a calendar match, not proof of missing-data cause",,,
2023-09-16,weekend_not_in_source,,"USFederalHolidayCalendar label is a calendar match, not proof of missing-data cause",,,
2023-09-17,weekend_not_in_source,,"USFederalHolidayCalendar label is a calendar match, not proof of missing-data cause",,,
2023-09-23,weekend_not_in_source,,"USFederalHolidayCalendar label is a calendar match, not proof of missing-data cause",,,
2023-09-24,weekend_not_in_source,,"USFederalHolidayCalendar label is a calendar match, not proof of missing-data cause",,,
2023-09-30,weekend_not_in_source,,"USFederalHolidayCalendar label is a calendar match, not proof of missing-data cause",,,
2023-10-01,weekend_not_in_source,,"USFederalHolidayCalendar label is a calendar match, not proof of missing-data cause",,,
2023-10-07,weekend_not_in_source,,"USFederalHolidayCalendar label is a calendar match, not proof of missing-data cause",,,
2023-10-08,weekend_not_in_source,,"USFederalHolidayCalendar label is a calendar match, not proof of missing-data cause",,,
2023-10-09,explicit_missing,Columbus Day,"USFederalHolidayCalendar label is a calendar match, not proof of missing-data cause",,,
2023-10-14,weekend_not_in_source,,"USFederalHolidayCalendar label is a calendar match, not proof of missing-data cause",,,
2023-10-15,weekend_not_in_source,,"USFederalHolidayCalendar label is a calendar match, not proof of missing-data cause",,,
2023-10-21,weekend_not_in_source,,"USFederalHolidayCalendar label is a calendar match, not proof of missing-data cause",,,
2023-10-22,weekend_not_in_source,,"USFederalHolidayCalendar label is a calendar match, not proof of missing-data cause",,,
2023-10-28,weekend_not_in_source,,"USFederalHolidayCalendar label is a calendar match, not proof of missing-data cause",,,
2023-10-29,weekend_not_in_source,,"USFederalHolidayCalendar label is a calendar match, not proof of missing-data cause",,,
2023-11-04,weekend_not_in_source,,"USFederalHolidayCalendar label is a calendar match, not proof of missing-data cause",,,
2023-11-05,weekend_not_in_source,,"USFederalHolidayCalendar label is a calendar match, not proof of missing-data cause",,,
2023-11-10,explicit_missing,Veterans Day,"USFederalHolidayCalendar label is a calendar match, not proof of missing-data cause",,,
2023-11-11,weekend_not_in_source,,"USFederalHolidayCalendar label is a calendar match, not proof of missing-data cause",,,
2023-11-12,weekend_not_in_source,,"USFederalHolidayCalendar label is a calendar match, not proof of missing-data cause",,,
2023-11-18,weekend_not_in_source,,"USFederalHolidayCalendar label is a calendar match, not proof of missing-data cause",,,
2023-11-19,weekend_not_in_source,,"USFederalHolidayCalendar label is a calendar match, not proof of missing-data cause",,,
2023-11-23,explicit_missing,Thanksgiving Day,"USFederalHolidayCalendar label is a calendar match, not proof of missing-data cause",,,
2023-11-25,weekend_not_in_source,,"USFederalHolidayCalendar label is a calendar match, not proof of missing-data cause",,,
2023-11-26,weekend_not_in_source,,"USFederalHolidayCalendar label is a calendar match, not proof of missing-data cause",,,
2023-12-02,weekend_not_in_source,,"USFederalHolidayCalendar label is a calendar match, not proof of missing-data cause",,,
2023-12-03,weekend_not_in_source,,"USFederalHolidayCalendar label is a calendar match, not proof of missing-data cause",,,
2023-12-09,weekend_not_in_source,,"USFederalHolidayCalendar label is a calendar match, not proof of missing-data cause",,,
2023-12-10,weekend_not_in_source,,"USFederalHolidayCalendar label is a calendar match, not proof of missing-data cause",,,
2023-12-16,weekend_not_in_source,,"USFederalHolidayCalendar label is a calendar match, not proof of missing-data cause",,,
2023-12-17,weekend_not_in_source,,"USFederalHolidayCalendar label is a calendar match, not proof of missing-data cause",,,
2023-12-23,weekend_not_in_source,,"USFederalHolidayCalendar label is a calendar match, not proof of missing-data cause",,,
2023-12-24,weekend_not_in_source,,"USFederalHolidayCalendar label is a calendar match, not proof of missing-data cause",,,
2023-12-25,explicit_missing,Christmas Day,"USFederalHolidayCalendar label is a calendar match, not proof of missing-data cause",,,
2023-12-30,weekend_not_in_source,,"USFederalHolidayCalendar label is a calendar match, not proof of missing-data cause",,,
2023-12-31,weekend_not_in_source,,"USFederalHolidayCalendar label is a calendar match, not proof of missing-data cause",,,
2024-01-01,explicit_missing,New Year's Day,"USFederalHolidayCalendar label is a calendar match, not proof of missing-data cause",,,
2024-01-06,weekend_not_in_source,,"USFederalHolidayCalendar label is a calendar match, not proof of missing-data cause",,,
2024-01-07,weekend_not_in_source,,"USFederalHolidayCalendar label is a calendar match, not proof of missing-data cause",,,
2024-01-13,weekend_not_in_source,,"USFederalHolidayCalendar label is a calendar match, not proof of missing-data cause",,,
2024-01-14,weekend_not_in_source,,"USFederalHolidayCalendar label is a calendar match, not proof of missing-data cause",,,
2024-01-15,explicit_missing,"Birthday of Martin Luther King, Jr.","USFederalHolidayCalendar label is a calendar match, not proof of missing-data cause",,,
2024-01-20,weekend_not_in_source,,"USFederalHolidayCalendar label is a calendar match, not proof of missing-data cause",,,
2024-01-21,weekend_not_in_source,,"USFederalHolidayCalendar label is a calendar match, not proof of missing-data cause",,,
2024-01-27,weekend_not_in_source,,"USFederalHolidayCalendar label is a calendar match, not proof of missing-data cause",,,
2024-01-28,weekend_not_in_source,,"USFederalHolidayCalendar label is a calendar match, not proof of missing-data cause",,,
2024-02-03,weekend_not_in_source,,"USFederalHolidayCalendar label is a calendar match, not proof of missing-data cause",,,
2024-02-04,weekend_not_in_source,,"USFederalHolidayCalendar label is a calendar match, not proof of missing-data cause",,,
2024-02-10,weekend_not_in_source,,"USFederalHolidayCalendar label is a calendar match, not proof of missing-data cause",,,
2024-02-11,weekend_not_in_source,,"USFederalHolidayCalendar label is a calendar match, not proof of missing-data cause",,,
2024-02-17,weekend_not_in_source,,"USFederalHolidayCalendar label is a calendar match, not proof of missing-data cause",,,
2024-02-18,weekend_not_in_source,,"USFederalHolidayCalendar label is a calendar match, not proof of missing-data cause",,,
2024-02-19,explicit_missing,Washington's Birthday,"USFederalHolidayCalendar label is a calendar match, not proof of missing-data cause",,,
2024-02-24,weekend_not_in_source,,"USFederalHolidayCalendar label is a calendar match, not proof of missing-data cause",,,
2024-02-25,weekend_not_in_source,,"USFederalHolidayCalendar label is a calendar match, not proof of missing-data cause",,,
2024-03-02,weekend_not_in_source,,"USFederalHolidayCalendar label is a calendar match, not proof of missing-data cause",,,
2024-03-03,weekend_not_in_source,,"USFederalHolidayCalendar label is a calendar match, not proof of missing-data cause",,,
2024-03-09,weekend_not_in_source,,"USFederalHolidayCalendar label is a calendar match, not proof of missing-data cause",,,
2024-03-10,weekend_not_in_source,,"USFederalHolidayCalendar label is a calendar match, not proof of missing-data cause",,,
2024-03-16,weekend_not_in_source,,"USFederalHolidayCalendar label is a calendar match, not proof of missing-data cause",,,
2024-03-17,weekend_not_in_source,,"USFederalHolidayCalendar label is a calendar match, not proof of missing-data cause",,,
2024-03-23,weekend_not_in_source,,"USFederalHolidayCalendar label is a calendar match, not proof of missing-data cause",,,
2024-03-24,weekend_not_in_source,,"USFederalHolidayCalendar label is a calendar match, not proof of missing-data cause",,,
2024-03-30,weekend_not_in_source,,"USFederalHolidayCalendar label is a calendar match, not proof of missing-data cause",,,
2024-03-31,weekend_not_in_source,,"USFederalHolidayCalendar label is a calendar match, not proof of missing-data cause",,,
2024-04-06,weekend_not_in_source,,"USFederalHolidayCalendar label is a calendar match, not proof of missing-data cause",,,
2024-04-07,weekend_not_in_source,,"USFederalHolidayCalendar label is a calendar match, not proof of missing-data cause",,,
2024-04-13,weekend_not_in_source,,"USFederalHolidayCalendar label is a calendar match, not proof of missing-data cause",,,
2024-04-14,weekend_not_in_source,,"USFederalHolidayCalendar label is a calendar match, not proof of missing-data cause",,,
2024-04-20,weekend_not_in_source,,"USFederalHolidayCalendar label is a calendar match, not proof of missing-data cause",,,
2024-04-21,weekend_not_in_source,,"USFederalHolidayCalendar label is a calendar match, not proof of missing-data cause",,,
2024-04-27,weekend_not_in_source,,"USFederalHolidayCalendar label is a calendar match, not proof of missing-data cause",,,
2024-04-28,weekend_not_in_source,,"USFederalHolidayCalendar label is a calendar match, not proof of missing-data cause",,,
2024-05-04,weekend_not_in_source,,"USFederalHolidayCalendar label is a calendar match, not proof of missing-data cause",,,
2024-05-05,weekend_not_in_source,,"USFederalHolidayCalendar label is a calendar match, not proof of missing-data cause",,,
2024-05-11,weekend_not_in_source,,"USFederalHolidayCalendar label is a calendar match, not proof of missing-data cause",,,
2024-05-12,weekend_not_in_source,,"USFederalHolidayCalendar label is a calendar match, not proof of missing-data cause",,,
2024-05-18,weekend_not_in_source,,"USFederalHolidayCalendar label is a calendar match, not proof of missing-data cause",,,
2024-05-19,weekend_not_in_source,,"USFederalHolidayCalendar label is a calendar match, not proof of missing-data cause",,,
2024-05-25,weekend_not_in_source,,"USFederalHolidayCalendar label is a calendar match, not proof of missing-data cause",,,
2024-05-26,weekend_not_in_source,,"USFederalHolidayCalendar label is a calendar match, not proof of missing-data cause",,,
2024-05-27,explicit_missing,Memorial Day,"USFederalHolidayCalendar label is a calendar match, not proof of missing-data cause",,,
2024-06-01,weekend_not_in_source,,"USFederalHolidayCalendar label is a calendar match, not proof of missing-data cause",,,
2024-06-02,weekend_not_in_source,,"USFederalHolidayCalendar label is a calendar match, not proof of missing-data cause",,,
2024-06-08,weekend_not_in_source,,"USFederalHolidayCalendar label is a calendar match, not proof of missing-data cause",,,
2024-06-09,weekend_not_in_source,,"USFederalHolidayCalendar label is a calendar match, not proof of missing-data cause",,,
2024-06-15,weekend_not_in_source,,"USFederalHolidayCalendar label is a calendar match, not proof of missing-data cause",,,
2024-06-16,weekend_not_in_source,,"USFederalHolidayCalendar label is a calendar match, not proof of missing-data cause",,,
2024-06-19,explicit_missing,Juneteenth National Independence Day,"USFederalHolidayCalendar label is a calendar match, not proof of missing-data cause",,,
2024-06-22,weekend_not_in_source,,"USFederalHolidayCalendar label is a calendar match, not proof of missing-data cause",,,
2024-06-23,weekend_not_in_source,,"USFederalHolidayCalendar label is a calendar match, not proof of missing-data cause",,,
2024-06-29,weekend_not_in_source,,"USFederalHolidayCalendar label is a calendar match, not proof of missing-data cause",,,
2024-06-30,weekend_not_in_source,,"USFederalHolidayCalendar label is a calendar match, not proof of missing-data cause",,,
2024-07-04,explicit_missing,Independence Day,"USFederalHolidayCalendar label is a calendar match, not proof of missing-data cause",,,
2024-07-06,weekend_not_in_source,,"USFederalHolidayCalendar label is a calendar match, not proof of missing-data cause",,,
2024-07-07,weekend_not_in_source,,"USFederalHolidayCalendar label is a calendar match, not proof of missing-data cause",,,
2024-07-13,weekend_not_in_source,,"USFederalHolidayCalendar label is a calendar match, not proof of missing-data cause",,,
2024-07-14,weekend_not_in_source,,"USFederalHolidayCalendar label is a calendar match, not proof of missing-data cause",,,
2024-07-20,weekend_not_in_source,,"USFederalHolidayCalendar label is a calendar match, not proof of missing-data cause",,,
2024-07-21,weekend_not_in_source,,"USFederalHolidayCalendar label is a calendar match, not proof of missing-data cause",,,
2024-07-27,weekend_not_in_source,,"USFederalHolidayCalendar label is a calendar match, not proof of missing-data cause",,,
2024-07-28,weekend_not_in_source,,"USFederalHolidayCalendar label is a calendar match, not proof of missing-data cause",,,
2024-08-03,weekend_not_in_source,,"USFederalHolidayCalendar label is a calendar match, not proof of missing-data cause",,,
2024-08-04,weekend_not_in_source,,"USFederalHolidayCalendar label is a calendar match, not proof of missing-data cause",,,
2024-08-10,weekend_not_in_source,,"USFederalHolidayCalendar label is a calendar match, not proof of missing-data cause",,,
2024-08-11,weekend_not_in_source,,"USFederalHolidayCalendar label is a calendar match, not proof of missing-data cause",,,
2024-08-17,weekend_not_in_source,,"USFederalHolidayCalendar label is a calendar match, not proof of missing-data cause",,,
2024-08-18,weekend_not_in_source,,"USFederalHolidayCalendar label is a calendar match, not proof of missing-data cause",,,
2024-08-24,weekend_not_in_source,,"USFederalHolidayCalendar label is a calendar match, not proof of missing-data cause",,,
2024-08-25,weekend_not_in_source,,"USFederalHolidayCalendar label is a calendar match, not proof of missing-data cause",,,
2024-08-31,weekend_not_in_source,,"USFederalHolidayCalendar label is a calendar match, not proof of missing-data cause",,,
2024-09-01,weekend_not_in_source,,"USFederalHolidayCalendar label is a calendar match, not proof of missing-data cause",,,
2024-09-02,explicit_missing,Labor Day,"USFederalHolidayCalendar label is a calendar match, not proof of missing-data cause",,,
2024-09-07,weekend_not_in_source,,"USFederalHolidayCalendar label is a calendar match, not proof of missing-data cause",,,
2024-09-08,weekend_not_in_source,,"USFederalHolidayCalendar label is a calendar match, not proof of missing-data cause",,,
2024-09-14,weekend_not_in_source,,"USFederalHolidayCalendar label is a calendar match, not proof of missing-data cause",,,
2024-09-15,weekend_not_in_source,,"USFederalHolidayCalendar label is a calendar match, not proof of missing-data cause",,,
2024-09-21,weekend_not_in_source,,"USFederalHolidayCalendar label is a calendar match, not proof of missing-data cause",,,
2024-09-22,weekend_not_in_source,,"USFederalHolidayCalendar label is a calendar match, not proof of missing-data cause",,,
2024-09-28,weekend_not_in_source,,"USFederalHolidayCalendar label is a calendar match, not proof of missing-data cause",,,
2024-09-29,weekend_not_in_source,,"USFederalHolidayCalendar label is a calendar match, not proof of missing-data cause",,,
2024-10-05,weekend_not_in_source,,"USFederalHolidayCalendar label is a calendar match, not proof of missing-data cause",,,
2024-10-06,weekend_not_in_source,,"USFederalHolidayCalendar label is a calendar match, not proof of missing-data cause",,,
2024-10-12,weekend_not_in_source,,"USFederalHolidayCalendar label is a calendar match, not proof of missing-data cause",,,
2024-10-13,weekend_not_in_source,,"USFederalHolidayCalendar label is a calendar match, not proof of missing-data cause",,,
2024-10-14,explicit_missing,Columbus Day,"USFederalHolidayCalendar label is a calendar match, not proof of missing-data cause",,,
2024-10-19,weekend_not_in_source,,"USFederalHolidayCalendar label is a calendar match, not proof of missing-data cause",,,
2024-10-20,weekend_not_in_source,,"USFederalHolidayCalendar label is a calendar match, not proof of missing-data cause",,,
2024-10-26,weekend_not_in_source,,"USFederalHolidayCalendar label is a calendar match, not proof of missing-data cause",,,
2024-10-27,weekend_not_in_source,,"USFederalHolidayCalendar label is a calendar match, not proof of missing-data cause",,,
2024-11-02,weekend_not_in_source,,"USFederalHolidayCalendar label is a calendar match, not proof of missing-data cause",,,
2024-11-03,weekend_not_in_source,,"USFederalHolidayCalendar label is a calendar match, not proof of missing-data cause",,,
2024-11-09,weekend_not_in_source,,"USFederalHolidayCalendar label is a calendar match, not proof of missing-data cause",,,
2024-11-10,weekend_not_in_source,,"USFederalHolidayCalendar label is a calendar match, not proof of missing-data cause",,,
2024-11-11,explicit_missing,Veterans Day,"USFederalHolidayCalendar label is a calendar match, not proof of missing-data cause",,,
2024-11-16,weekend_not_in_source,,"USFederalHolidayCalendar label is a calendar match, not proof of missing-data cause",,,
2024-11-17,weekend_not_in_source,,"USFederalHolidayCalendar label is a calendar match, not proof of missing-data cause",,,
2024-11-23,weekend_not_in_source,,"USFederalHolidayCalendar label is a calendar match, not proof of missing-data cause",,,
2024-11-24,weekend_not_in_source,,"USFederalHolidayCalendar label is a calendar match, not proof of missing-data cause",,,
2024-11-28,explicit_missing,Thanksgiving Day,"USFederalHolidayCalendar label is a calendar match, not proof of missing-data cause",,,
2024-11-30,weekend_not_in_source,,"USFederalHolidayCalendar label is a calendar match, not proof of missing-data cause",,,
2024-12-01,weekend_not_in_source,,"USFederalHolidayCalendar label is a calendar match, not proof of missing-data cause",,,
2024-12-07,weekend_not_in_source,,"USFederalHolidayCalendar label is a calendar match, not proof of missing-data cause",,,
2024-12-08,weekend_not_in_source,,"USFederalHolidayCalendar label is a calendar match, not proof of missing-data cause",,,
2024-12-14,weekend_not_in_source,,"USFederalHolidayCalendar label is a calendar match, not proof of missing-data cause",,,
2024-12-15,weekend_not_in_source,,"USFederalHolidayCalendar label is a calendar match, not proof of missing-data cause",,,
2024-12-21,weekend_not_in_source,,"USFederalHolidayCalendar label is a calendar match, not proof of missing-data cause",,,
2024-12-22,weekend_not_in_source,,"USFederalHolidayCalendar label is a calendar match, not proof of missing-data cause",,,
2024-12-25,explicit_missing,Christmas Day,"USFederalHolidayCalendar label is a calendar match, not proof of missing-data cause",,,
2024-12-28,weekend_not_in_source,,"USFederalHolidayCalendar label is a calendar match, not proof of missing-data cause",,,
2024-12-29,weekend_not_in_source,,"USFederalHolidayCalendar label is a calendar match, not proof of missing-data cause",,,
2025-01-01,explicit_missing,New Year's Day,"USFederalHolidayCalendar label is a calendar match, not proof of missing-data cause",,,
2025-01-04,weekend_not_in_source,,"USFederalHolidayCalendar label is a calendar match, not proof of missing-data cause",,,
2025-01-05,weekend_not_in_source,,"USFederalHolidayCalendar label is a calendar match, not proof of missing-data cause",,,
2025-01-11,weekend_not_in_source,,"USFederalHolidayCalendar label is a calendar match, not proof of missing-data cause",,,
2025-01-12,weekend_not_in_source,,"USFederalHolidayCalendar label is a calendar match, not proof of missing-data cause",,,
2025-01-18,weekend_not_in_source,,"USFederalHolidayCalendar label is a calendar match, not proof of missing-data cause",,,
2025-01-19,weekend_not_in_source,,"USFederalHolidayCalendar label is a calendar match, not proof of missing-data cause",,,
2025-01-20,explicit_missing,"Birthday of Martin Luther King, Jr.","USFederalHolidayCalendar label is a calendar match, not proof of missing-data cause",,,
2025-01-25,weekend_not_in_source,,"USFederalHolidayCalendar label is a calendar match, not proof of missing-data cause",,,
2025-01-26,weekend_not_in_source,,"USFederalHolidayCalendar label is a calendar match, not proof of missing-data cause",,,
2025-02-01,weekend_not_in_source,,"USFederalHolidayCalendar label is a calendar match, not proof of missing-data cause",,,
2025-02-02,weekend_not_in_source,,"USFederalHolidayCalendar label is a calendar match, not proof of missing-data cause",,,
2025-02-08,weekend_not_in_source,,"USFederalHolidayCalendar label is a calendar match, not proof of missing-data cause",,,
2025-02-09,weekend_not_in_source,,"USFederalHolidayCalendar label is a calendar match, not proof of missing-data cause",,,
2025-02-15,weekend_not_in_source,,"USFederalHolidayCalendar label is a calendar match, not proof of missing-data cause",,,
2025-02-16,weekend_not_in_source,,"USFederalHolidayCalendar label is a calendar match, not proof of missing-data cause",,,
2025-02-17,explicit_missing,Washington's Birthday,"USFederalHolidayCalendar label is a calendar match, not proof of missing-data cause",,,
2025-02-22,weekend_not_in_source,,"USFederalHolidayCalendar label is a calendar match, not proof of missing-data cause",,,
2025-02-23,weekend_not_in_source,,"USFederalHolidayCalendar label is a calendar match, not proof of missing-data cause",,,
2025-03-01,weekend_not_in_source,,"USFederalHolidayCalendar label is a calendar match, not proof of missing-data cause",,,
2025-03-02,weekend_not_in_source,,"USFederalHolidayCalendar label is a calendar match, not proof of missing-data cause",,,
2025-03-08,weekend_not_in_source,,"USFederalHolidayCalendar label is a calendar match, not proof of missing-data cause",,,
2025-03-09,weekend_not_in_source,,"USFederalHolidayCalendar label is a calendar match, not proof of missing-data cause",,,
2025-03-15,weekend_not_in_source,,"USFederalHolidayCalendar label is a calendar match, not proof of missing-data cause",,,
2025-03-16,weekend_not_in_source,,"USFederalHolidayCalendar label is a calendar match, not proof of missing-data cause",,,
2025-03-22,weekend_not_in_source,,"USFederalHolidayCalendar label is a calendar match, not proof of missing-data cause",,,
2025-03-23,weekend_not_in_source,,"USFederalHolidayCalendar label is a calendar match, not proof of missing-data cause",,,
2025-03-29,weekend_not_in_source,,"USFederalHolidayCalendar label is a calendar match, not proof of missing-data cause",,,
2025-03-30,weekend_not_in_source,,"USFederalHolidayCalendar label is a calendar match, not proof of missing-data cause",,,
2025-04-05,weekend_not_in_source,,"USFederalHolidayCalendar label is a calendar match, not proof of missing-data cause",,,
2025-04-06,weekend_not_in_source,,"USFederalHolidayCalendar label is a calendar match, not proof of missing-data cause",,,
2025-04-12,weekend_not_in_source,,"USFederalHolidayCalendar label is a calendar match, not proof of missing-data cause",,,
2025-04-13,weekend_not_in_source,,"USFederalHolidayCalendar label is a calendar match, not proof of missing-data cause",,,
2025-04-19,weekend_not_in_source,,"USFederalHolidayCalendar label is a calendar match, not proof of missing-data cause",,,
2025-04-20,weekend_not_in_source,,"USFederalHolidayCalendar label is a calendar match, not proof of missing-data cause",,,
2025-04-26,weekend_not_in_source,,"USFederalHolidayCalendar label is a calendar match, not proof of missing-data cause",,,
2025-04-27,weekend_not_in_source,,"USFederalHolidayCalendar label is a calendar match, not proof of missing-data cause",,,
2025-05-03,weekend_not_in_source,,"USFederalHolidayCalendar label is a calendar match, not proof of missing-data cause",,,
2025-05-04,weekend_not_in_source,,"USFederalHolidayCalendar label is a calendar match, not proof of missing-data cause",,,
2025-05-10,weekend_not_in_source,,"USFederalHolidayCalendar label is a calendar match, not proof of missing-data cause",,,
2025-05-11,weekend_not_in_source,,"USFederalHolidayCalendar label is a calendar match, not proof of missing-data cause",,,
2025-05-17,weekend_not_in_source,,"USFederalHolidayCalendar label is a calendar match, not proof of missing-data cause",,,
2025-05-18,weekend_not_in_source,,"USFederalHolidayCalendar label is a calendar match, not proof of missing-data cause",,,
2025-05-24,weekend_not_in_source,,"USFederalHolidayCalendar label is a calendar match, not proof of missing-data cause",,,
2025-05-25,weekend_not_in_source,,"USFederalHolidayCalendar label is a calendar match, not proof of missing-data cause",,,
2025-05-26,explicit_missing,Memorial Day,"USFederalHolidayCalendar label is a calendar match, not proof of missing-data cause",,,
2025-05-31,weekend_not_in_source,,"USFederalHolidayCalendar label is a calendar match, not proof of missing-data cause",,,
2025-06-01,weekend_not_in_source,,"USFederalHolidayCalendar label is a calendar match, not proof of missing-data cause",,,
2025-06-07,weekend_not_in_source,,"USFederalHolidayCalendar label is a calendar match, not proof of missing-data cause",,,
2025-06-08,weekend_not_in_source,,"USFederalHolidayCalendar label is a calendar match, not proof of missing-data cause",,,
2025-06-14,weekend_not_in_source,,"USFederalHolidayCalendar label is a calendar match, not proof of missing-data cause",,,
2025-06-15,weekend_not_in_source,,"USFederalHolidayCalendar label is a calendar match, not proof of missing-data cause",,,
2025-06-19,explicit_missing,Juneteenth National Independence Day,"USFederalHolidayCalendar label is a calendar match, not proof of missing-data cause",,,
2025-06-21,weekend_not_in_source,,"USFederalHolidayCalendar label is a calendar match, not proof of missing-data cause",,,
2025-06-22,weekend_not_in_source,,"USFederalHolidayCalendar label is a calendar match, not proof of missing-data cause",,,
2025-06-28,weekend_not_in_source,,"USFederalHolidayCalendar label is a calendar match, not proof of missing-data cause",,,
2025-06-29,weekend_not_in_source,,"USFederalHolidayCalendar label is a calendar match, not proof of missing-data cause",,,
2025-07-04,explicit_missing,Independence Day,"USFederalHolidayCalendar label is a calendar match, not proof of missing-data cause",,,
2025-07-05,weekend_not_in_source,,"USFederalHolidayCalendar label is a calendar match, not proof of missing-data cause",,,
2025-07-06,weekend_not_in_source,,"USFederalHolidayCalendar label is a calendar match, not proof of missing-data cause",,,
2025-07-12,weekend_not_in_source,,"USFederalHolidayCalendar label is a calendar match, not proof of missing-data cause",,,
2025-07-13,weekend_not_in_source,,"USFederalHolidayCalendar label is a calendar match, not proof of missing-data cause",,,
2025-07-19,weekend_not_in_source,,"USFederalHolidayCalendar label is a calendar match, not proof of missing-data cause",,,
2025-07-20,weekend_not_in_source,,"USFederalHolidayCalendar label is a calendar match, not proof of missing-data cause",,,
2025-07-26,weekend_not_in_source,,"USFederalHolidayCalendar label is a calendar match, not proof of missing-data cause",,,
2025-07-27,weekend_not_in_source,,"USFederalHolidayCalendar label is a calendar match, not proof of missing-data cause",,,
2025-08-02,weekend_not_in_source,,"USFederalHolidayCalendar label is a calendar match, not proof of missing-data cause",,,
2025-08-03,weekend_not_in_source,,"USFederalHolidayCalendar label is a calendar match, not proof of missing-data cause",,,
2025-08-09,weekend_not_in_source,,"USFederalHolidayCalendar label is a calendar match, not proof of missing-data cause",,,
2025-08-10,weekend_not_in_source,,"USFederalHolidayCalendar label is a calendar match, not proof of missing-data cause",,,
2025-08-16,weekend_not_in_source,,"USFederalHolidayCalendar label is a calendar match, not proof of missing-data cause",,,
2025-08-17,weekend_not_in_source,,"USFederalHolidayCalendar label is a calendar match, not proof of missing-data cause",,,
2025-08-23,weekend_not_in_source,,"USFederalHolidayCalendar label is a calendar match, not proof of missing-data cause",,,
2025-08-24,weekend_not_in_source,,"USFederalHolidayCalendar label is a calendar match, not proof of missing-data cause",,,
2025-08-30,weekend_not_in_source,,"USFederalHolidayCalendar label is a calendar match, not proof of missing-data cause",,,
2025-08-31,weekend_not_in_source,,"USFederalHolidayCalendar label is a calendar match, not proof of missing-data cause",,,
2025-09-01,explicit_missing,Labor Day,"USFederalHolidayCalendar label is a calendar match, not proof of missing-data cause",,,
2025-09-06,weekend_not_in_source,,"USFederalHolidayCalendar label is a calendar match, not proof of missing-data cause",,,
2025-09-07,weekend_not_in_source,,"USFederalHolidayCalendar label is a calendar match, not proof of missing-data cause",,,
2025-09-13,weekend_not_in_source,,"USFederalHolidayCalendar label is a calendar match, not proof of missing-data cause",,,
2025-09-14,weekend_not_in_source,,"USFederalHolidayCalendar label is a calendar match, not proof of missing-data cause",,,
2025-09-20,weekend_not_in_source,,"USFederalHolidayCalendar label is a calendar match, not proof of missing-data cause",,,
2025-09-21,weekend_not_in_source,,"USFederalHolidayCalendar label is a calendar match, not proof of missing-data cause",,,
2025-09-27,weekend_not_in_source,,"USFederalHolidayCalendar label is a calendar match, not proof of missing-data cause",,,
2025-09-28,weekend_not_in_source,,"USFederalHolidayCalendar label is a calendar match, not proof of missing-data cause",,,
2025-10-04,weekend_not_in_source,,"USFederalHolidayCalendar label is a calendar match, not proof of missing-data cause",,,
2025-10-05,weekend_not_in_source,,"USFederalHolidayCalendar label is a calendar match, not proof of missing-data cause",,,
2025-10-11,weekend_not_in_source,,"USFederalHolidayCalendar label is a calendar match, not proof of missing-data cause",,,
2025-10-12,weekend_not_in_source,,"USFederalHolidayCalendar label is a calendar match, not proof of missing-data cause",,,
2025-10-13,explicit_missing,Columbus Day,"USFederalHolidayCalendar label is a calendar match, not proof of missing-data cause",,,
2025-10-18,weekend_not_in_source,,"USFederalHolidayCalendar label is a calendar match, not proof of missing-data cause",,,
2025-10-19,weekend_not_in_source,,"USFederalHolidayCalendar label is a calendar match, not proof of missing-data cause",,,
2025-10-25,weekend_not_in_source,,"USFederalHolidayCalendar label is a calendar match, not proof of missing-data cause",,,
2025-10-26,weekend_not_in_source,,"USFederalHolidayCalendar label is a calendar match, not proof of missing-data cause",,,
2025-11-01,weekend_not_in_source,,"USFederalHolidayCalendar label is a calendar match, not proof of missing-data cause",,,
2025-11-02,weekend_not_in_source,,"USFederalHolidayCalendar label is a calendar match, not proof of missing-data cause",,,
2025-11-08,weekend_not_in_source,,"USFederalHolidayCalendar label is a calendar match, not proof of missing-data cause",,,
2025-11-09,weekend_not_in_source,,"USFederalHolidayCalendar label is a calendar match, not proof of missing-data cause",,,
2025-11-11,explicit_missing,Veterans Day,"USFederalHolidayCalendar label is a calendar match, not proof of missing-data cause",,,
2025-11-15,weekend_not_in_source,,"USFederalHolidayCalendar label is a calendar match, not proof of missing-data cause",,,
2025-11-16,weekend_not_in_source,,"USFederalHolidayCalendar label is a calendar match, not proof of missing-data cause",,,
2025-11-22,weekend_not_in_source,,"USFederalHolidayCalendar label is a calendar match, not proof of missing-data cause",,,
2025-11-23,weekend_not_in_source,,"USFederalHolidayCalendar label is a calendar match, not proof of missing-data cause",,,
2025-11-27,explicit_missing,Thanksgiving Day,"USFederalHolidayCalendar label is a calendar match, not proof of missing-data cause",,,
2025-11-29,weekend_not_in_source,,"USFederalHolidayCalendar label is a calendar match, not proof of missing-data cause",,,
2025-11-30,weekend_not_in_source,,"USFederalHolidayCalendar label is a calendar match, not proof of missing-data cause",,,
2025-12-06,weekend_not_in_source,,"USFederalHolidayCalendar label is a calendar match, not proof of missing-data cause",,,
2025-12-07,weekend_not_in_source,,"USFederalHolidayCalendar label is a calendar match, not proof of missing-data cause",,,
2025-12-13,weekend_not_in_source,,"USFederalHolidayCalendar label is a calendar match, not proof of missing-data cause",,,
2025-12-14,weekend_not_in_source,,"USFederalHolidayCalendar label is a calendar match, not proof of missing-data cause",,,
2025-12-20,weekend_not_in_source,,"USFederalHolidayCalendar label is a calendar match, not proof of missing-data cause",,,
2025-12-21,weekend_not_in_source,,"USFederalHolidayCalendar label is a calendar match, not proof of missing-data cause",,,
2025-12-25,explicit_missing,Christmas Day,"USFederalHolidayCalendar label is a calendar match, not proof of missing-data cause",,,
2025-12-27,weekend_not_in_source,,"USFederalHolidayCalendar label is a calendar match, not proof of missing-data cause",,,
2025-12-28,weekend_not_in_source,,"USFederalHolidayCalendar label is a calendar match, not proof of missing-data cause",,,
2026-01-01,explicit_missing,New Year's Day,"USFederalHolidayCalendar label is a calendar match, not proof of missing-data cause",,,
2026-01-03,weekend_not_in_source,,"USFederalHolidayCalendar label is a calendar match, not proof of missing-data cause",,,
2026-01-04,weekend_not_in_source,,"USFederalHolidayCalendar label is a calendar match, not proof of missing-data cause",,,
2026-01-10,weekend_not_in_source,,"USFederalHolidayCalendar label is a calendar match, not proof of missing-data cause",,,
2026-01-11,weekend_not_in_source,,"USFederalHolidayCalendar label is a calendar match, not proof of missing-data cause",,,
2026-01-17,weekend_not_in_source,,"USFederalHolidayCalendar label is a calendar match, not proof of missing-data cause",,,
2026-01-18,weekend_not_in_source,,"USFederalHolidayCalendar label is a calendar match, not proof of missing-data cause",,,
2026-01-19,explicit_missing,"Birthday of Martin Luther King, Jr.","USFederalHolidayCalendar label is a calendar match, not proof of missing-data cause",,,
2026-01-24,weekend_not_in_source,,"USFederalHolidayCalendar label is a calendar match, not proof of missing-data cause",,,
2026-01-25,weekend_not_in_source,,"USFederalHolidayCalendar label is a calendar match, not proof of missing-data cause",,,
2026-01-31,weekend_not_in_source,,"USFederalHolidayCalendar label is a calendar match, not proof of missing-data cause",,,
2026-02-01,weekend_not_in_source,,"USFederalHolidayCalendar label is a calendar match, not proof of missing-data cause",,,
2026-02-07,weekend_not_in_source,,"USFederalHolidayCalendar label is a calendar match, not proof of missing-data cause",,,
2026-02-08,weekend_not_in_source,,"USFederalHolidayCalendar label is a calendar match, not proof of missing-data cause",,,
2026-02-14,weekend_not_in_source,,"USFederalHolidayCalendar label is a calendar match, not proof of missing-data cause",,,
2026-02-15,weekend_not_in_source,,"USFederalHolidayCalendar label is a calendar match, not proof of missing-data cause",,,
2026-02-16,explicit_missing,Washington's Birthday,"USFederalHolidayCalendar label is a calendar match, not proof of missing-data cause",,,
2026-02-21,weekend_not_in_source,,"USFederalHolidayCalendar label is a calendar match, not proof of missing-data cause",,,
2026-02-22,weekend_not_in_source,,"USFederalHolidayCalendar label is a calendar match, not proof of missing-data cause",,,
2026-02-28,weekend_not_in_source,,"USFederalHolidayCalendar label is a calendar match, not proof of missing-data cause",,,
2026-03-01,weekend_not_in_source,,"USFederalHolidayCalendar label is a calendar match, not proof of missing-data cause",,,
2026-03-07,weekend_not_in_source,,"USFederalHolidayCalendar label is a calendar match, not proof of missing-data cause",,,
2026-03-08,weekend_not_in_source,,"USFederalHolidayCalendar label is a calendar match, not proof of missing-data cause",,,
2026-03-14,weekend_not_in_source,,"USFederalHolidayCalendar label is a calendar match, not proof of missing-data cause",,,
2026-03-15,weekend_not_in_source,,"USFederalHolidayCalendar label is a calendar match, not proof of missing-data cause",,,
2026-03-21,weekend_not_in_source,,"USFederalHolidayCalendar label is a calendar match, not proof of missing-data cause",,,
2026-03-22,weekend_not_in_source,,"USFederalHolidayCalendar label is a calendar match, not proof of missing-data cause",,,
2026-03-28,weekend_not_in_source,,"USFederalHolidayCalendar label is a calendar match, not proof of missing-data cause",,,
2026-03-29,weekend_not_in_source,,"USFederalHolidayCalendar label is a calendar match, not proof of missing-data cause",,,
2026-04-04,weekend_not_in_source,,"USFederalHolidayCalendar label is a calendar match, not proof of missing-data cause",,,
2026-04-05,weekend_not_in_source,,"USFederalHolidayCalendar label is a calendar match, not proof of missing-data cause",,,
2026-04-11,weekend_not_in_source,,"USFederalHolidayCalendar label is a calendar match, not proof of missing-data cause",,,
2026-04-12,weekend_not_in_source,,"USFederalHolidayCalendar label is a calendar match, not proof of missing-data cause",,,
2026-04-18,weekend_not_in_source,,"USFederalHolidayCalendar label is a calendar match, not proof of missing-data cause",,,
2026-04-19,weekend_not_in_source,,"USFederalHolidayCalendar label is a calendar match, not proof of missing-data cause",,,
2026-04-25,weekend_not_in_source,,"USFederalHolidayCalendar label is a calendar match, not proof of missing-data cause",,,
2026-04-26,weekend_not_in_source,,"USFederalHolidayCalendar label is a calendar match, not proof of missing-data cause",,,
2026-05-02,weekend_not_in_source,,"USFederalHolidayCalendar label is a calendar match, not proof of missing-data cause",,,
2026-05-03,weekend_not_in_source,,"USFederalHolidayCalendar label is a calendar match, not proof of missing-data cause",,,
2026-05-09,weekend_not_in_source,,"USFederalHolidayCalendar label is a calendar match, not proof of missing-data cause",,,
2026-05-10,weekend_not_in_source,,"USFederalHolidayCalendar label is a calendar match, not proof of missing-data cause",,,
2026-05-16,weekend_not_in_source,,"USFederalHolidayCalendar label is a calendar match, not proof of missing-data cause",,,
2026-05-17,weekend_not_in_source,,"USFederalHolidayCalendar label is a calendar match, not proof of missing-data cause",,,
2026-05-23,weekend_not_in_source,,"USFederalHolidayCalendar label is a calendar match, not proof of missing-data cause",,,
2026-05-24,weekend_not_in_source,,"USFederalHolidayCalendar label is a calendar match, not proof of missing-data cause",,,
2026-05-25,explicit_missing,Memorial Day,"USFederalHolidayCalendar label is a calendar match, not proof of missing-data cause",,,
2026-05-30,weekend_not_in_source,,"USFederalHolidayCalendar label is a calendar match, not proof of missing-data cause",,,
2026-05-31,weekend_not_in_source,,"USFederalHolidayCalendar label is a calendar match, not proof of missing-data cause",,,
2026-06-06,weekend_not_in_source,,"USFederalHolidayCalendar label is a calendar match, not proof of missing-data cause",,,
2026-06-07,weekend_not_in_source,,"USFederalHolidayCalendar label is a calendar match, not proof of missing-data cause",,,
2026-06-13,weekend_not_in_source,,"USFederalHolidayCalendar label is a calendar match, not proof of missing-data cause",,,
2026-06-14,weekend_not_in_source,,"USFederalHolidayCalendar label is a calendar match, not proof of missing-data cause",,,
2026-06-19,explicit_missing,Juneteenth National Independence Day,"USFederalHolidayCalendar label is a calendar match, not proof of missing-data cause",,,
2026-06-20,weekend_not_in_source,,"USFederalHolidayCalendar label is a calendar match, not proof of missing-data cause",,,
2026-06-21,weekend_not_in_source,,"USFederalHolidayCalendar label is a calendar match, not proof of missing-data cause",,,
2026-06-27,weekend_not_in_source,,"USFederalHolidayCalendar label is a calendar match, not proof of missing-data cause",,,
2026-06-28,weekend_not_in_source,,"USFederalHolidayCalendar label is a calendar match, not proof of missing-data cause",,,
2026-07-03,explicit_missing,Independence Day,"USFederalHolidayCalendar label is a calendar match, not proof of missing-data cause",,,
2026-07-04,weekend_not_in_source,,"USFederalHolidayCalendar label is a calendar match, not proof of missing-data cause",,,
2026-07-05,weekend_not_in_source,,"USFederalHolidayCalendar label is a calendar match, not proof of missing-data cause",,,
2026-07-11,weekend_not_in_source,,"USFederalHolidayCalendar label is a calendar match, not proof of missing-data cause",,,
2026-07-12,weekend_not_in_source,,"USFederalHolidayCalendar label is a calendar match, not proof of missing-data cause",,,
2026-07-18,weekend_not_in_source,,"USFederalHolidayCalendar label is a calendar match, not proof of missing-data cause",,,
2026-07-19,weekend_not_in_source,,"USFederalHolidayCalendar label is a calendar match, not proof of missing-data cause",,,
2026-07-25,weekend_not_in_source,,"USFederalHolidayCalendar label is a calendar match, not proof of missing-data cause",,,
2026-07-26,weekend_not_in_source,,"USFederalHolidayCalendar label is a calendar match, not proof of missing-data cause",,,
2026-08-01,weekend_not_in_source,,"USFederalHolidayCalendar label is a calendar match, not proof of missing-data cause",,,
2026-08-02,weekend_not_in_source,,"USFederalHolidayCalendar label is a calendar match, not proof of missing-data cause",,,
2026-08-08,weekend_not_in_source,,"USFederalHolidayCalendar label is a calendar match, not proof of missing-data cause",,,
2026-08-09,weekend_not_in_source,,"USFederalHolidayCalendar label is a calendar match, not proof of missing-data cause",,,
2026-08-15,weekend_not_in_source,,"USFederalHolidayCalendar label is a calendar match, not proof of missing-data cause",,,
2026-08-16,weekend_not_in_source,,"USFederalHolidayCalendar label is a calendar match, not proof of missing-data cause",,,
2026-08-22,weekend_not_in_source,,"USFederalHolidayCalendar label is a calendar match, not proof of missing-data cause",,,
2026-08-23,weekend_not_in_source,,"USFederalHolidayCalendar label is a calendar match, not proof of missing-data cause",,,
2026-08-29,weekend_not_in_source,,"USFederalHolidayCalendar label is a calendar match, not proof of missing-data cause",,,
2026-08-30,weekend_not_in_source,,"USFederalHolidayCalendar label is a calendar match, not proof of missing-data cause",,,
