date,USD_KRW,EUR_KRW,JPY100_KRW
2020-01-02,,,
2020-01-03,0.62178851,0.68486862,1.07856705
2020-01-06,0.20083251,0.32638623,-0.18754281
2020-01-07,-0.10963691,-0.54716510,-0.26610390
2020-01-08,0.37729054,0.18803546,-0.08302905
2020-01-09,-1.02339806,-1.12133299,-1.42122125
2020-01-10,0.22008752,0.33739898,0.19262996
2020-01-13,-0.42456811,-0.25441493,-0.81406539
2020-01-14,0.00259459,-0.06923345,-0.10644958
2020-01-15,0.04843118,0.31810350,0.14853421
2020-01-16,0.34749836,0.08673873,0.14709486
2020-01-17,-0.15333460,-0.49420004,-0.15333460
2020-01-21,0.64533941,0.67255802,0.83756789
2020-01-22,-0.07543547,-0.17449551,-0.05725580
2020-01-23,0.23162446,-0.16622773,0.72641445
2020-01-24,-0.12581523,-0.26150156,-0.05272096
2020-01-27,0.79611967,0.73212793,1.12917706
2020-01-28,0.00255059,-0.09727953,-0.19897512
2020-01-29,0.06376304,0.02740266,0.08209813
2020-01-30,1.27104964,1.52873678,1.64354085
2020-01-31,-0.05369398,0.39928964,0.17659705
2020-02-03,0.29379669,0.11279363,0.21067263
2020-02-04,-0.86123201,-1.03151194,-1.60425175
2020-02-05,0.23131928,-0.10450964,-0.07008709
2020-02-06,-0.64097705,-0.88472533,-0.77660225
2020-02-07,0.55949273,0.29387425,0.63275344
2020-02-10,0.06069598,-0.24999476,0.09715793
2020-02-11,-0.47516344,-0.46604611,-0.48422929
2020-02-12,-0.19808350,-0.41748865,-0.39768733
2020-02-13,0.25785001,-0.15632453,0.43132229
2020-02-14,0.09982911,0.01678168,0.13630531
2020-02-18,0.62542258,0.40261512,0.59792930
2020-02-19,0.04199563,-0.15226067,-1.19086876
2020-02-20,0.60784149,0.63580365,-0.01275042
2020-02-21,0.79860474,1.34008099,0.90685454
2020-02-24,0.87672095,0.89530717,1.95337191
2020-02-25,-0.33237587,-0.23139550,-0.03399688
2020-02-26,-0.06916711,0.10553714,-0.18688194
2020-02-27,0.28180387,1.11080749,0.47299025
2020-02-28,-0.17337288,0.04488703,1.70091544
2020-03-02,-1.97790801,-0.52553086,-1.88716362
2020-03-03,0.31656996,0.41541287,1.00853735
2020-03-04,-0.59598547,-0.99627009,-0.65154948
2020-03-05,-0.54145545,0.10194215,0.18656318
2020-03-06,0.92201404,1.97610042,2.11992988
2020-03-09,0.98573826,1.88683902,3.73398455
2020-03-10,-0.88473520,-1.56170461,-2.02201382
2020-03-11,0.08884419,-0.45828228,-0.96160642
2020-03-12,1.00740269,-0.77455415,0.18534945
2020-03-13,0.45681029,0.32082507,-0.93074062
2020-03-16,1.12486589,1.79196468,2.57032734
2020-03-17,1.27720696,-0.25027044,-0.39173128
2020-03-18,0.33924801,-0.92288089,-0.62297253
2020-03-19,0.45535220,-0.78724147,-1.03213167
2020-03-20,-0.02478295,-0.18363693,-1.12064786
2020-03-23,1.33541242,2.07536394,1.28081360
2020-03-24,-1.37068455,-1.05903058,-1.44148808
2020-03-25,-1.73856690,-1.36533003,-1.72974868
2020-03-26,0.43317184,2.19434422,2.25005334
2020-03-27,-1.86303680,-1.56039220,-0.69257930
2020-03-30,1.12516419,0.75025401,1.21874661
2020-03-31,-0.42398150,-0.44205666,0.06681446
2020-04-01,0.88028747,0.12936303,1.33262318
2020-04-02,0.01951775,-0.63910721,-0.72239801
2020-04-03,0.05447642,-0.54426608,-0.57241978
2020-04-06,-0.48433234,-0.38294562,-1.01333139
2020-04-07,-0.34051935,0.37871080,-0.21248111
2020-04-08,0.02785903,-0.17429170,0.27631830
2020-04-09,-0.08683044,0.52934982,0.20817061
2020-04-10,-0.65589361,-0.47412780,-0.66505905
2020-04-13,0.49599327,0.08303375,1.24324482
2020-04-14,-0.07144500,0.52413139,0.40449414
2020-04-15,0.63278136,0.06407911,0.31426390
2020-04-16,0.29888530,-0.33551043,0.01955310
2020-04-17,-0.84676073,-0.45344069,-0.66232390
2020-04-20,-0.04269960,-0.12536207,-0.20049272
2020-04-21,0.98497482,0.79923825,0.98497482
2020-04-22,0.44822986,0.21686762,0.33642402
2020-04-23,-0.46566623,-0.59434668,-0.31772853
2020-04-24,0.39380329,0.23599519,0.59003094
2020-04-27,-0.78775894,-0.50293032,-0.58418971
2020-04-28,0.05473141,0.11940803,0.41999721
2020-04-29,-0.45965563,-0.30349229,-0.31034977
2020-04-30,-1.25082021,-0.51381813,-1.50014019
2020-05-01,1.59890361,2.19359264,1.77020187
2020-05-04,0.45863309,-0.33604786,0.40220623
2020-05-05,-0.70637446,-1.31609611,-0.42672662
2020-05-06,0.15572111,-0.19524877,0.58062989
2020-05-07,0.22339877,0.30687190,-0.04986924
2020-05-08,-0.67686730,-0.31869789,-0.80743293
2020-05-11,0.30662491,-0.02606705,-0.81099766
2020-05-12,0.14751680,0.57336130,0.49275654
2020-05-13,0.15220949,-0.09669604,0.53625743
2020-05-14,0.31866390,-0.02384700,0.15941306
2020-05-15,0.24027497,0.38877908,0.07207091
2020-05-18,0.13081880,0.94549262,0.14949121
2020-05-19,-0.57858348,-0.27769328,-1.16834812
2020-05-20,0.39422457,0.78893534,0.79595095
2020-05-21,0.04146274,-0.20454086,-0.17220182
2020-05-22,0.48759478,-0.05369693,0.66520076
2020-05-26,-0.18519567,0.51114407,-0.31501797
2020-05-27,0.30707156,0.29792780,0.16748476
2020-05-28,0.10096686,1.01354747,0.21253105
2020-05-29,-0.21544768,0.12711380,-0.30803797
2020-06-01,-0.95583895,-0.81316256,-0.76246526
2020-06-02,0.02286106,0.40953579,-0.93500059
2020-06-03,-0.73383562,-0.02263258,-0.98911231
2020-06-04,0.22120255,0.89849327,0.11086728
2020-06-05,-1.31115797,-1.52907186,-1.92301439
2020-06-08,-0.41154316,-0.44680507,0.70866629
2020-06-09,-0.06678688,0.41991521,0.67579690
2020-06-10,-0.59647130,-0.53515435,-0.21646713
2020-06-11,0.54122195,0.74487216,1.08789776
2020-06-12,0.68375211,-0.42237102,0.03666019
2020-06-15,0.63842859,0.79046389,0.66655821
2020-06-16,-0.40834509,-0.50555079,-0.42689966
2020-06-17,0.64277786,0.28522292,0.72722546
2020-06-18,-0.27736169,-0.30402787,0.17091389
2020-06-19,-0.26987992,-0.50995777,-0.37251172
2020-06-22,0.19447525,0.83026109,0.24136521
2020-06-23,-0.35515763,0.19350846,0.01930626
2020-06-24,-0.57027760,-1.00937724,-0.93326170
2020-06-25,0.33679296,-0.11717940,-0.01884533
2020-06-26,-0.01246272,-0.06592722,0.00619342
2020-06-29,-0.21023067,-0.01447722,-0.69199355
2020-06-30,-0.03414078,-0.03414078,-0.08979589
2020-07-01,0.11162016,0.30762048,0.36306330
2020-07-02,-0.16641150,-0.36148557,-0.21282414
2020-07-06,-0.59841312,0.02080118,-0.55217983
2020-07-07,0.14840776,0.07755013,0.12046717
2020-07-08,0.01674439,0.28229907,0.14713217
2020-07-09,0.26870244,-0.00566685,0.38087028
2020-07-10,0.54264342,0.72062651,1.01348094
2020-07-13,-0.34956906,0.05544241,-0.76779974
2020-07-14,0.42578721,0.79694904,0.44452336
2020-07-15,-0.27131526,-0.27131526,-0.01014773
2020-07-16,0.08319675,0.32011121,-0.03834286
2020-07-17,0.07398356,0.11774897,0.06463609
2020-07-20,-0.13290582,-0.09798115,-0.27263219
2020-07-21,-0.63380633,-0.17353643,-0.27102019
2020-07-22,0.01590437,0.81637964,-0.32003261
2020-07-23,0.34147117,0.65322512,0.67021324
2020-07-24,0.35532275,0.45893317,1.34189554
2020-07-27,-0.60091259,0.38154509,-0.12888729
2020-07-28,0.18479188,0.03984367,0.43279765
2020-07-29,-0.43149856,-0.11750942,-0.45993046
2020-07-30,0.27829469,0.45721093,0.28784046
2020-07-31,-0.30259968,-0.04048286,-0.99062296
2020-08-03,0.13666700,-0.47319935,-0.17475605
2020-08-04,0.01842068,0.15461597,0.24515555
2020-08-05,-0.46880363,0.64781357,-0.06290061
2020-08-06,-0.30615764,-0.65807740,-0.38174054
2020-08-07,0.33409545,-0.34292273,-0.04480974
2020-08-10,-0.24973723,-0.41915004,-0.18377107
2020-08-11,-0.12138787,-0.05342012,-0.78687036
2020-08-12,-0.06329969,0.20854445,-0.33453640
2020-08-13,-0.07094055,0.11543104,-0.10833565
2020-08-14,0.27720262,0.40447949,0.65386598
2020-08-17,-0.19889931,0.10472949,0.29082960
2020-08-18,0.04813498,0.54546752,0.57964960
2020-08-19,-0.31061668,-0.56134450,-0.59353045
2020-08-20,0.55882004,0.25455735,0.46378288
2020-08-21,0.35195258,-0.38406326,0.28560731
2020-08-24,-0.22905759,0.00818966,-0.24790007
2020-08-25,-0.07820975,0.04877719,-0.54776704
2020-08-26,-0.21713882,-0.25935529,0.03671375
2020-08-27,-0.03205128,0.06103662,-0.30446911
2020-08-28,-0.30374108,0.34549877,0.75665598
2020-08-31,0.49592932,0.90970131,-0.01680502
2020-09-01,-0.38232223,-0.39065844,-0.53268853
2020-09-02,0.59512739,-0.32251165,0.45297696
2020-09-03,-0.16302795,-0.23048536,-0.15362179
2020-09-04,0.21548096,0.11384254,0.02699971
2020-09-08,-0.16042332,-0.42226992,0.18817198
2020-09-09,-0.30033062,-0.12273344,-0.54434750
2020-09-10,-0.05990955,0.53245340,-0.02226378
2020-09-11,0.18068068,-0.23252247,0.19955243
2020-09-14,-0.44498757,-0.08315294,0.01661308
2020-09-15,-0.10835795,-0.34391177,0.06207328
2020-09-16,-0.33813846,-0.43068282,0.19369537
2020-09-17,-0.14880952,-0.25005281,0.01320921
2020-09-18,-0.94102619,-0.65615728,-0.62802866
2020-09-21,0.30519257,-0.70995655,0.06566350
2020-09-22,-0.16455967,-0.45376518,-0.50668969
2020-09-23,-0.02317935,-0.24529311,-0.29841457
2020-09-24,0.50920519,0.41452323,0.43293184
2020-09-25,0.18966416,-0.22256830,0.02835870
2020-09-28,-0.39481202,-0.03473129,-0.30984077
2020-09-29,0.13612081,0.62563701,-0.03443655
2020-09-30,-0.31632854,-0.26528287,-0.22191324
2020-10-01,-0.25043526,-0.00367783,-0.20317402
2020-10-02,0.26052190,-0.13192057,0.42229382
2020-10-05,-0.71264407,-0.05106764,-1.03201684
2020-10-06,0.36535754,0.31425502,0.42236172
2020-10-07,-0.30895009,-0.41052018,-0.61939688
2020-10-08,-0.51536157,-0.62528001,-0.52474869
2020-10-09,-0.77921627,-0.22203328,-0.53519997
2020-10-13,0.34456824,-0.35162049,0.50618431
2020-10-14,-0.07146592,0.08178564,0.37549269
2020-10-15,-0.30961642,-0.76757310,-0.59341900
2020-10-16,0.33157485,0.46876870,0.30302018
2020-10-19,-0.44122007,0.16206348,-0.45066408
2020-10-20,-0.27238649,0.03217697,-0.40465123
2020-10-21,-0.57436438,-0.18755964,0.35733502
2020-10-22,0.27824151,-0.11036835,-0.00859556
2020-10-23,-0.48358966,-0.31526015,-0.38861313
2020-10-26,-0.17702718,-0.41301530,-0.25318432
2020-10-27,0.01152717,0.16388055,0.41371830
2020-10-28,0.51954961,-0.18546329,0.62553207
2020-10-29,-0.23285351,-1.02243267,-0.57592518
2020-10-30,0.25373082,0.15913560,0.39758063
2020-11-02,0.05555605,-0.05612269,-0.19267339
2020-11-03,-0.02820328,0.74517318,0.25879710
2020-11-04,0.27065150,0.32196709,0.37631078
2020-11-05,-1.26695798,-0.60200399,-0.58124572
2020-11-06,-0.17453872,0.47636826,0.16362341
2020-11-09,-0.70115968,-1.32772985,-2.82670788
2020-11-10,0.40336346,0.39486262,0.61301361
2020-11-12,-0.41874323,-0.38501546,-0.22935324
2020-11-13,-0.31268251,-0.22830185,0.21143588
2020-11-16,-0.23344480,-0.06469217,-0.16664110
2020-11-17,-0.14003325,0.01172962,0.18580542
2020-11-18,0.03528358,0.09431637,0.49823129
2020-11-19,0.83294143,0.61205876,0.70671820
2020-11-20,-0.04036128,0.07780430,-0.00184490
2020-11-23,0.08434427,-0.17732518,-0.50032773
2020-11-24,-0.40253895,0.00171254,-0.58343483
2020-11-25,-0.36816001,-0.08287430,-0.15818774
2020-11-30,-0.09486466,0.24072531,-0.08529337
2020-12-01,0.13926695,0.90196140,0.12008318
2020-12-02,-0.64840653,-0.20277267,-0.76247265
2020-12-03,-0.35177021,0.13439910,0.36843960
2020-12-04,-1.31626957,-1.39747738,-1.68576510
2020-12-07,0.03420067,0.00124591,0.17846690
2020-12-08,0.29384044,0.07074490,0.16864168
2020-12-09,-0.14925373,-0.40483734,-0.28330728
2020-12-10,0.28142243,0.59687723,0.26219301
2020-12-11,0.40484712,0.35513355,0.81079664
2020-12-14,0.17961383,0.45256027,0.00632601
2020-12-15,-0.08873114,0.01821381,0.26778510
2020-12-16,0.13641940,0.27643578,0.23308551
2020-12-17,-0.06857394,0.61268342,0.37715918
2020-12-18,0.58648075,0.40595354,0.37236342
2020-12-21,0.69676269,0.64738540,0.60914950
2020-12-22,0.00812986,-0.46615236,-0.16559590
2020-12-23,-0.01806489,0.16264515,0.07851735
2020-12-28,-0.92599285,-0.77162134,-1.23130566
2020-12-29,-0.37568275,-0.05755056,-0.04841446
2020-12-30,-0.54276692,-0.31547321,-0.35985264
2020-12-31,-0.04693453,-0.45390955,0.06930123
2021-01-04,-0.41340196,-0.21797446,-0.41340196
2021-01-05,0.53623269,0.87261147,1.01590897
2021-01-06,-0.15725295,-0.19785594,-0.68910293
2021-01-07,0.09855302,-0.10506487,-0.47018876
2021-01-08,0.24844035,0.14218436,0.20019295
2021-01-11,0.72603444,0.04367557,0.46493585
2021-01-12,0.19865317,0.19041924,0.26603626
2021-01-13,-0.11459025,-0.18846999,0.05843808
2021-01-14,0.00546294,-0.01921149,0.24664918
2021-01-15,0.09286488,-0.37647481,-0.04213513
2021-01-19,0.25013871,0.47385586,0.19222413
2021-01-21,-0.38379879,-0.24414223,-0.10486958
2021-01-22,0.69131350,0.98983011,0.50693272
2021-01-25,-0.40524649,-0.74052730,-0.42443993
2021-01-26,0.20344771,0.27774587,0.29042148
2021-01-27,0.07523159,-0.30374764,-0.30934035
2021-01-28,0.71189849,0.88667329,0.49948723
2021-01-29,0.57556545,0.68342573,0.25838333
2021-02-01,-0.16721062,-0.70195568,-0.48106049
2021-02-02,-0.05374033,-0.46776791,-0.16786680
2021-02-03,-0.12635767,-0.08481290,-0.08832868
2021-02-04,0.49799456,0.07176606,0.13577093
2021-02-05,0.32856556,0.83967651,0.31905033
2021-02-08,-0.39868292,-0.31592321,-0.16196528
2021-02-09,-0.25017423,0.25499301,0.29329165
2021-02-10,-0.85272568,-0.63978754,-0.90008752
2021-02-11,-0.37943807,-0.42049501,-0.45552060
2021-02-12,-0.04897071,-0.05721273,-0.22993789
2021-02-16,-0.23136387,-0.38768946,-1.11710733
2021-02-17,0.71207064,0.17136819,0.75965265
2021-02-18,0.10113415,0.40039015,0.23373098
2021-02-19,-0.24806957,0.23095113,-0.14414162
2021-02-22,0.51998083,0.67735390,1.01750976
2021-02-23,-0.11785239,-0.22467821,-0.26025636
2021-02-24,0.17473542,0.18298569,-0.48735801
2021-02-25,-0.40101062,0.30437628,-0.69168739
2021-02-26,1.41099365,0.28319129,1.01158801
2021-03-01,-0.42461900,-0.74575022,-0.46195510
2021-03-02,0.62757579,0.83627741,0.56159049
2021-03-03,-0.14658718,-0.19618736,-0.30535150
2021-03-04,0.04359586,-0.18842772,-0.57016853
2021-03-05,0.03557295,-1.05240215,-0.57440006
2021-03-08,0.69253678,0.14318183,0.06390178
2021-03-09,0.70543156,1.01139793,0.96498164
2021-03-10,-0.06838326,0.05773994,-0.01316225
2021-03-11,-0.40882572,0.24395676,-0.28024988
2021-03-12,-0.18499106,-0.40165413,-0.57922688
2021-03-15,0.28947392,-0.00421179,0.06887568
2021-03-16,-0.58783671,-0.77136172,-0.49664126
2021-03-17,0.04868592,0.13279579,-0.14368016
2021-03-18,-0.59544875,-0.42010263,-0.36739390
2021-03-19,0.61147653,0.46805920,0.72239410
2021-03-22,-0.19374016,-0.00098309,-0.02842198
2021-03-23,0.06825092,-0.43494176,0.12353215
2021-03-24,0.38885346,0.04216015,0.20433208
2021-03-25,-0.00352936,-0.45994128,-0.29674727
2021-03-26,-0.35736030,-0.17968386,-0.73937681
2021-03-29,0.38166587,0.22000697,0.21700078
2021-03-30,-0.01146819,-0.47834732,-0.42888107
2021-03-31,-0.59288538,-0.43178548,-0.97034662
2021-04-01,0.43577819,0.68381000,0.43577819
2021-04-02,-0.38263390,-0.45879397,-0.43664169
2021-04-05,0.00354830,0.40312041,0.53954116
2021-04-06,-0.90655880,-0.55415198,-0.68099784
2021-04-07,-0.08145947,0.23890035,0.06431391
2021-04-08,0.06719166,0.18501678,0.45188933
2021-04-09,0.34737144,0.28836341,-0.00957379
2021-04-12,0.33546269,0.41979946,0.52800995
2021-04-13,0.09158812,0.36058374,0.31158978
2021-04-14,-0.81732008,-0.52655923,-0.58058551
2021-04-15,-0.12450400,-0.20791430,0.01321731
2021-04-16,-0.00986512,0.12385623,-0.00986512
2021-04-19,0.00896917,0.40967289,0.64738335
2021-04-20,0.14797808,0.28952411,0.16651199
2021-04-21,0.10029731,0.00057099,0.08177565
2021-04-22,-0.04473072,-0.21917273,-0.11865530
2021-04-23,-0.19690325,0.27668787,0.01575853
2021-04-26,-0.37844140,-0.26288072,-0.54429305
2021-04-27,-0.11522397,-0.14829018,-0.52006278
2021-04-28,0.24152848,0.39920619,0.01121525
2021-04-29,-0.33624627,-0.23738984,-0.45517676
2021-04-30,0.63506955,-0.02973685,0.27608595
2021-05-03,0.65436813,0.89700958,0.88505746
2021-05-04,-0.07391707,-0.44680651,-0.31153168
2021-05-05,0.33599216,0.24412468,0.40026890
2021-05-06,-0.34463769,0.03727906,-0.25335312
2021-05-07,-0.07843557,0.88354480,0.52006256
2021-05-10,-0.78318734,-0.74240772,-0.94748381
2021-05-11,0.63832848,0.63005910,0.79596707
2021-05-12,0.44220908,-0.34191532,-0.47482013
2021-05-13,0.53542999,0.50212357,0.50790112
2021-05-14,-0.31760074,0.26876631,-0.14443026
2021-05-17,0.82271291,0.93897335,1.00742064
2021-05-18,-0.55984437,-0.16715597,-0.41389056
2021-05-19,-0.13189693,-0.02550626,0.09766381
2021-05-20,-0.03900087,0.03464427,-0.06656618
2021-05-21,-0.10197386,-0.48603989,-0.23952392
2021-05-24,-0.11628010,0.14618328,0.00305529
2021-05-25,-0.18395422,0.00406946,-0.31221715
2021-05-26,-0.49679045,-0.73267642,-0.63359596
2021-05-27,-0.01431601,-0.09624462,-0.66079480
2021-05-28,-0.26756870,-0.26756870,-0.28572994
2021-06-01,-0.72230996,-0.33965853,-0.35941974
2021-06-02,0.35610025,0.12654623,0.20958163
2021-06-03,0.65383611,-0.09614335,0.02406510
2021-06-04,-0.50106028,-0.08244570,0.28096392
2021-06-07,-0.09172414,0.12987476,0.06373953
2021-06-08,0.48784439,0.32311022,0.28589568
2021-06-09,0.01343568,0.04628082,-0.11430705
2021-06-10,-0.21583765,-0.30592512,-0.10647515
2021-06-11,0.21540698,-0.37734002,-0.02200537
2021-06-14,0.08955999,0.29633951,-0.11975624
2021-06-15,0.06800469,0.01849058,-0.05921580
2021-06-16,0.00804771,-0.00020378,0.22648539
2021-06-17,1.04790687,-0.68639172,0.68139288
2021-06-18,0.45481091,0.12589330,0.51861489
2021-06-21,-0.09601156,0.21534690,-0.10507561
2021-06-22,0.25392571,0.26234404,-0.22584477
2021-06-23,-0.27966616,0.05524680,-0.37861291
2021-06-24,-0.21077882,-0.40284176,-0.25576540
2021-06-25,-0.36588599,-0.25728840,-0.24896566
2021-06-28,0.25989923,0.24310528,0.51395147
2021-06-29,0.12297729,-0.15379087,0.09580196
2021-06-30,-0.11133889,-0.58959624,-0.57907508
2021-07-01,0.34942765,0.42565527,-0.10932287
2021-07-02,-0.17190158,-0.24767563,0.07928342
2021-07-06,0.41945568,0.14823500,0.98208050
2021-07-07,0.35966478,0.24924877,0.39595466
2021-07-08,0.58707043,0.90239040,1.31981179
2021-07-09,-0.25087982,-0.07395993,-0.57679817
2021-07-12,0.10566947,0.08034977,-0.05760545
2021-07-13,0.00000000,-0.37949064,0.00000000
2021-07-14,0.09945127,0.20960897,0.39966775
2021-07-15,-0.54208100,-0.71028313,-0.56015604
2021-07-16,-0.16298490,-0.12915905,-0.23550793
2021-07-19,0.68635626,0.63520315,1.31190877
2021-07-20,0.28592101,0.04803505,-0.14288524
2021-07-21,0.22426007,0.42001058,-0.04853323
2021-07-22,-0.26365316,-0.50033573,-0.15494869
2021-07-23,0.30782876,0.22261270,-0.07336277
2021-07-26,0.10576231,0.52283419,0.29633624
2021-07-27,0.13596016,0.31401733,0.74788185
2021-07-28,-0.00432406,-0.19026818,-0.38591759
2021-07-29,-1.22635717,-0.58230852,-0.74840564
2021-07-30,0.85544922,0.66877415,0.69915545
2021-08-02,-0.09897036,-0.02318570,0.34007463
2021-08-03,-0.11036568,-0.22815014,0.00867046
2021-08-04,-0.56200792,-0.71293834,-0.88002050
2021-08-05,-0.04024532,-0.06557082,-0.32259178
2021-08-06,0.29233368,-0.36001551,-0.13533278
2021-08-09,-0.00349080,-0.10551938,-0.03070073
2021-08-10,0.58211078,0.35096626,0.31823515
2021-08-11,0.31149675,0.43985986,0.37505975
2021-08-12,0.57867467,0.57010530,0.67892525
2021-08-13,0.47988441,0.99358526,1.03836031
2021-08-16,-0.13523229,-0.30455201,0.31263277
2021-08-17,0.88277139,0.35162908,0.57899080
2021-08-18,-0.58619635,-0.68803736,-0.88465482
2021-08-19,0.31704524,0.23989147,0.47243383
2021-08-20,0.55456644,0.52876778,0.53624549
2021-08-23,-0.90393087,-0.54789709,-0.91295766
2021-08-24,-0.36760620,-0.24871313,-0.27676704
2021-08-25,-0.10210823,-0.00005011,-0.41987850
2021-08-26,0.48443620,0.51007434,0.42967131
2021-08-27,-0.63083393,-0.35201559,-0.40466595
2021-08-30,0.32946237,0.33796919,0.26556406
2021-08-31,-0.68676961,-0.64466989,-0.81311084
2021-09-01,-0.19770012,0.22519098,-0.17955919
2021-09-02,0.42559449,0.49339236,0.44385203
2021-09-03,-0.47461131,-0.25639069,-0.13874489
2021-09-07,0.64391054,0.34750051,0.15973815
2021-09-08,0.28635801,0.02398337,0.15000056
2021-09-09,0.29154269,0.36791973,0.80323423
2021-09-10,0.00170997,-0.04902227,-0.15293654
2021-09-13,0.31633936,0.21450397,0.30721471
2021-09-14,-0.22329609,-0.09655796,0.03146843
2021-09-15,-0.18194087,-0.29168671,0.05528669
2021-09-16,0.22677095,-0.17206558,-0.01998047
2021-09-17,0.35091314,0.09500296,0.10446284
2021-09-20,0.96908129,0.92605713,1.40258333
2021-09-21,-0.13313896,-0.17571159,-0.00525677
2021-09-22,-0.23119436,-0.10354748,-0.46789378
2021-09-23,-0.75523719,-0.78905429,-1.27772028
2021-09-24,0.25991069,0.08903739,-0.23812896
2021-09-27,-0.05354730,-0.16445672,-0.27871277
2021-09-28,0.65566800,0.47503486,0.33018484
2021-09-29,-0.15714636,-0.74692094,-0.60355096
2021-09-30,0.16500952,-0.13690017,0.46146201
2021-10-01,0.29906226,0.48099889,0.77809716
2021-10-04,-0.40766821,-0.20157957,-0.38073680
2021-10-05,0.49983085,0.38741493,0.09382561
2021-10-06,0.36101691,-0.18362467,0.41510530
2021-10-07,-0.15428476,-0.02457007,-0.30651589
2021-10-08,0.32080352,0.41625624,-0.26063671
2021-10-12,0.34656532,0.07774891,-1.01268976
2021-10-13,-0.40292979,-0.16992391,-0.22741288
2021-10-14,-0.63573696,-0.43817662,-0.72321320
2021-10-15,-0.33381101,-0.30801526,-0.96157460
2021-10-18,0.44065159,0.57059896,0.51979411
2021-10-19,-1.02985137,-0.83376959,-1.07315677
2021-10-20,-0.02297247,0.07157252,0.00328200
2021-10-21,0.18722608,0.18722608,0.61880182
2021-10-22,-0.03397749,-0.12842276,0.15091651
2021-10-25,-0.78684624,-0.98302081,-0.92646018
2021-10-26,-0.00085647,-0.16452118,-0.42996217
2021-10-27,0.30918652,0.39573457,0.69719568
2021-10-28,-0.32872548,0.40162437,-0.00346202
2021-10-29,0.65105282,-0.49456892,0.07731622
2021-11-01,0.23745893,0.57586448,0.09700886
2021-11-02,-0.05858728,-0.14481057,0.30154613
2021-11-03,0.63889078,0.66496078,0.39183756
2021-11-04,0.18656716,-0.14208352,0.56569437
2021-11-05,-0.29407552,-0.22499121,-0.13588189
2021-11-08,-0.22310865,0.08777660,0.04143459
2021-11-09,-0.16939965,-0.17801316,0.07825312
2021-11-10,0.21380574,-0.40880139,-0.68371012
2021-11-12,-0.16339869,-0.80487725,-0.17216398
2021-11-15,0.20182662,0.00918131,0.14907030
2021-11-16,0.14302519,-0.62858729,-0.43361411
2021-11-17,-0.07605848,-0.17304634,0.17740031
2021-11-18,0.08626522,0.40450454,0.18265368
2021-11-19,0.12759629,-0.22502775,0.48830549
2021-11-22,0.03375727,-0.47887375,-0.73378747
2021-11-23,0.42013616,0.46472770,0.16685873
2021-11-24,-0.36125043,-0.97155436,-0.67224358
2021-11-26,0.70994342,1.66343163,2.37867860
2021-11-29,-0.12307126,-0.48539244,-0.37770255
2021-11-30,-0.46187634,-0.23205739,0.00407672
2021-12-01,0.00000000,0.31895101,0.35454707
2021-12-02,-1.03330667,-1.18189218,-1.27831705
2021-12-03,0.39653500,0.41429487,0.59220507
2021-12-06,0.20765528,-0.02274789,-0.17262265
2021-12-07,-0.25797393,-0.56740231,-0.52135398
2021-12-08,-0.34344154,0.39199852,-0.53604843
2021-12-09,-0.13614820,-0.53278309,0.12773937
2021-12-10,0.63054389,0.87130815,0.78145419
2021-12-13,0.27095911,0.14686139,0.21791505
2021-12-14,-0.12582440,-0.39986401,-0.31040222
2021-12-15,0.28409571,0.23069156,0.10789595
2021-12-16,-0.20825253,0.21710968,-0.06778733
2021-12-17,-0.21629111,-0.49863957,-0.11963553
2021-12-20,0.85010542,1.03790822,0.94788868
2021-12-21,0.10746640,-0.12291014,-0.47154445
2021-12-22,-0.17947750,0.28101462,-0.27561003
2021-12-23,-0.22012922,-0.25537467,-0.39453906
2021-12-27,-0.06483719,0.01461656,-0.43899583
2021-12-28,0.11206417,-0.02048777,0.19930780
2021-12-29,-0.22219417,-0.01935790,-0.41312326
2021-12-30,0.25980380,0.09177555,0.08569630
2022-01-03,0.23557324,-0.01240308,0.14861603
2022-01-04,0.19976666,0.25301720,-0.53369701
2022-01-05,0.21863508,0.56464489,0.40020624
2022-01-06,0.72217857,0.47337213,0.83527136
2022-01-07,-0.35186138,0.09759958,-0.20533268
2022-01-10,-0.13741068,-0.40117875,0.27022712
2022-01-11,-0.37610601,-0.06829913,-0.58333200
2022-01-12,-0.60939880,-0.01461214,-0.05501511
2022-01-13,0.05137534,0.34021231,0.64785908
2022-01-14,-0.08333684,-0.51912131,0.06580560
2022-01-18,0.48695828,-0.19974075,-0.13560490
2022-01-19,-0.35464561,-0.26674392,-0.07562466
2022-01-20,0.29027943,0.20188679,0.46610390
2022-01-21,0.16024028,0.24859617,0.47731455
2022-01-24,0.15160780,-0.16616568,0.06361658
2022-01-25,0.24923056,0.00990879,0.19641221
2022-01-26,-0.10011179,-0.13552786,-0.49331523
2022-01-27,0.43341740,-0.79539824,-0.55813102
2022-01-28,0.53132665,0.70277403,0.75820058
2022-01-31,-0.18692516,0.27815368,-0.19558799
2022-02-01,0.22042129,0.46176550,0.61337406
2022-02-02,-0.63996560,-0.10952677,-0.28374303
2022-02-03,0.38695182,1.50640982,-0.06744594
2022-02-04,-0.57363120,-0.31255540,-0.86702615
2022-02-07,-0.06586462,-0.24906993,0.04701606
2022-02-08,-0.04922245,-0.20657019,-0.50739502
2022-02-09,-0.14106256,0.02513574,0.01464264
2022-02-10,-0.00417934,0.45054586,-0.34946878
2022-02-11,0.20145280,-0.52255874,0.14093946
2022-02-14,-0.20939002,-1.06693823,-0.04554439
2022-02-15,0.29844258,0.80410429,0.36782926
2022-02-16,-0.18920135,-0.03109219,0.00971108
2022-02-17,-0.01002079,-0.15937758,0.32029471
2022-02-18,-0.16619481,-0.49124328,-0.20957063
2022-02-22,-0.27856784,-0.14650980,-0.15710447
2022-02-23,0.11324838,-0.11624769,-0.04328727
2022-02-24,0.74743175,-0.69486976,0.45945728
2022-02-25,-0.03410017,0.92486982,-0.18108342
2022-02-28,0.02911983,-0.29954347,0.47230332
2022-03-01,0.17134112,-0.90855306,0.38063094
2022-03-02,0.10296096,0.09394511,-0.52057163
2022-03-03,-0.10202558,-0.54293720,-0.17111729
2022-03-04,0.77718271,-0.50840335,1.67376122
2022-03-07,1.07686350,0.59519223,0.41125033
2022-03-08,0.84774776,1.04275722,0.64716853
2022-03-09,-0.25622787,1.46712744,-0.45421758
2022-03-10,-0.47001240,-1.02750262,-0.62438894
2022-03-11,0.26542692,-0.37222002,-0.61664849
2022-03-14,0.81122561,1.19835841,0.02523978
2022-03-15,0.09585488,0.05026974,-0.06505732
2022-03-16,-1.17571319,-0.97759634,-1.41760248
2022-03-17,-1.11641315,-0.09124682,-1.09136876
2022-03-18,-0.17540537,-0.76842276,-0.77852451
2022-03-21,0.32337898,0.35971487,0.34021883
2022-03-22,0.07976187,-0.15576256,-1.17268667
2022-03-23,0.06819545,-0.12246252,-0.22947890
2022-03-24,0.20773121,0.25327604,-0.66235557
2022-03-25,-0.13765414,-0.32819651,-0.05578634
2022-03-28,0.54891407,0.47568773,-0.48716805
2022-03-29,-0.51001257,0.64105133,0.00930553
2022-03-30,-0.88171849,-0.35506336,-0.36162584
2022-03-31,0.25569733,-0.37297765,0.69324278
2022-04-01,0.30869547,-0.14343062,-0.64039169
2022-04-04,-0.04690239,-0.50851680,-0.12836375
2022-04-05,-0.17864199,-0.82341241,-0.80919479
2022-04-06,0.00000000,-0.07325337,-0.17784964
2022-04-07,0.52863799,0.40888428,0.44743554
2022-04-08,0.50616919,0.26642971,0.09382790
2022-04-11,0.67339793,0.68265610,-0.32090724
2022-04-12,0.21485674,0.00290807,0.45489232
2022-04-13,-0.71681108,-0.51553665,-0.92248098
2022-04-14,-0.24365002,-0.95920964,-0.56846025
2022-04-15,0.30959499,0.45825686,-0.00012508
2022-04-18,0.46906683,0.21817294,0.10450289
2022-04-19,0.22695403,0.26412676,-1.16086377
2022-04-20,-0.10108934,0.52854510,0.51663248
2022-04-21,0.23071692,0.06454276,-0.43946203
2022-04-22,0.12357345,-0.32905641,-0.00082297
2022-04-25,0.82361293,0.01066999,1.70816914
2022-04-26,0.84008737,0.44437741,1.06968323
2022-04-27,0.71248919,-0.34555403,-0.12652018
2022-04-28,0.16937803,-0.29590774,-1.74312728
2022-04-29,-1.22925678,-0.88120750,-0.39247445
2022-05-02,0.74609633,0.59311754,0.48297087
2022-05-03,0.20391388,0.30867988,0.27323783
2022-05-04,-0.20507643,-0.13874862,-0.11293678
2022-05-05,-0.72477514,-1.02620859,-1.05972720
2022-05-06,1.31603041,1.94280704,1.36266610
2022-05-09,0.29153373,0.16820892,0.27614806
2022-05-10,-0.09950717,-0.36441992,0.02324899
2022-05-11,0.00156860,0.05854414,0.00924921
2022-05-12,1.06741749,-0.47684124,2.72426040
2022-05-13,-0.39886703,-0.07249478,-1.26978927
2022-05-16,0.09972653,0.19588381,0.16173178
2022-05-17,-0.81414083,0.25196437,-0.93686713
2022-05-18,-0.62542669,-0.98397529,0.21935793
2022-05-19,0.83309643,1.72670020,1.30715895
2022-05-20,-0.70795906,-0.97056198,-0.89433548
2022-05-23,-0.31706721,0.71195445,-0.25465811
2022-05-24,0.16774143,0.88134738,1.13332806
2022-05-25,-0.10979723,-0.90936512,-0.69826359
2022-05-26,0.25700232,0.88725370,0.32004218
2022-05-27,-1.39608623,-1.54318764,-1.32628638
2022-05-31,-1.05589019,-0.85262467,-2.12593074
2022-06-01,0.77530661,-0.02293224,-0.43316044
2022-06-02,0.44203061,1.26285127,0.64317771
2022-06-03,-0.78272885,-0.89365844,-1.45070527
2022-06-06,0.90884941,0.70177967,0.26450556
2022-06-07,0.14359563,0.12487546,-0.59692141
2022-06-08,-0.14498295,0.25641611,-1.28460831
2022-06-09,0.27203829,-0.51221229,0.27203829
2022-06-10,0.88311812,-0.39496192,0.78538502
2022-06-13,1.23658331,0.41868486,1.28942077
2022-06-14,0.16982293,-0.02214683,-0.40198197
2022-06-15,0.32507174,0.05538069,0.61597715
2022-06-16,-0.25502887,1.11804880,1.90428117
2022-06-17,0.04662874,-0.50438298,-2.53708248
2022-06-21,0.45752548,1.17692913,-0.36088078
2022-06-22,0.30620530,0.63903779,0.45366021
2022-06-23,0.28137310,-0.47668320,1.27138369
2022-06-24,-0.16527528,0.17691744,-0.53443193
2022-06-27,-0.96326355,-0.38063923,-0.99255136
2022-06-28,0.30943866,-0.32453289,-0.37554393
2022-06-29,0.63634532,0.09179703,0.40779391
2022-06-30,0.04313034,-0.03326033,0.64033673
2022-07-01,-0.13626391,-0.70860359,0.30727923
2022-07-05,0.19349666,-1.29848066,-0.27159251
2022-07-06,0.57013596,-0.22430339,0.61461633
2022-07-07,-0.58067478,-0.71749484,-0.82193058
2022-07-08,0.00000000,0.18702628,-0.12485311
2022-07-11,0.72258005,-0.16806961,-0.10644257
2022-07-12,0.22996409,0.04118839,0.67728834
2022-07-13,-0.40094214,-0.28224230,-0.87957457
2022-07-14,0.39107642,-0.13672113,-0.76500335
2022-07-15,0.71583216,1.32848332,0.98475659
2022-07-18,-0.33682776,0.36453860,-0.09168938
2022-07-19,-0.24151287,0.52434953,-0.03178429
2022-07-20,-0.03197515,-0.23702775,-0.19115990
2022-07-21,-0.42037926,-0.61530853,-0.26156008
2022-07-22,0.40074030,0.67643126,1.74315396
2022-07-25,0.03427736,-0.10268889,-0.40472620
2022-07-26,-0.37616027,-1.30302980,-0.30323988
2022-07-27,0.36764425,0.28827086,-0.13671577
2022-07-28,-1.02426245,-0.48571224,1.08113442
2022-07-29,-0.04693427,0.33663058,0.85320591
2022-08-01,0.39258552,1.06173822,1.49705630
2022-08-02,0.05444034,-0.68598201,-0.33876030
2022-08-03,0.44448191,-0.02847622,-0.94787713
2022-08-04,-0.03738489,0.70154633,0.63763277
2022-08-05,-0.91436422,-1.40877449,-2.41532892
2022-08-08,0.60775523,0.97378148,1.05579690
2022-08-09,-0.12326680,0.06265050,-0.28608919
2022-08-10,0.46301265,1.55350692,2.25888940
2022-08-11,-0.59670060,-0.58708433,-0.65664530
2022-08-12,-0.04528986,-0.82845212,-0.72627201
2022-08-15,0.28568576,-0.40850198,0.61713398
2022-08-16,0.20599609,0.08794466,-0.72611802
2022-08-17,0.12380210,0.02539066,-0.63045402
2022-08-18,0.74647371,0.25086926,0.82838747
2022-08-19,0.42123127,-0.32343873,-0.83943962
2022-08-22,1.04866088,0.01190303,0.63732665
2022-08-23,0.00000000,0.40257649,0.88735700
2022-08-24,0.19784978,0.10745477,-0.21195737
2022-08-25,-0.49103983,-0.57091057,-0.42558776
2022-08-26,-0.32123763,0.06910997,-0.49576818
2022-08-29,1.39952072,1.41980468,0.17898447
2022-08-30,-0.25411172,-0.07456912,-0.24692179
2022-08-31,-0.57265091,-0.10618201,-0.54397477
2022-09-01,1.17132057,0.01536410,0.27478347
2022-09-02,0.58035648,1.38904277,0.50852876
2022-09-06,1.22962854,0.05887711,-0.83816100
2022-09-07,0.34591537,0.62932122,-0.65483342
2022-09-08,-0.23198335,-0.09149328,0.00349826
2022-09-09,-0.27308748,0.62842137,0.85412629
2022-09-12,0.04648663,0.87307018,0.06756236
2022-09-13,-0.26281781,-1.56258166,-1.56914681
2022-09-14,1.26222921,1.22171216,2.23283898
2022-09-15,0.20343613,0.18338140,-0.24324632
2022-09-16,-0.67793935,-0.45923398,-0.30992556
2022-09-19,0.61900497,0.51851660,0.40841685
2022-09-20,-0.22899393,-0.31876091,-0.43737114
2022-09-21,0.43601514,-0.70964283,0.08761769
2022-09-22,1.17270331,0.77333737,2.58183353
2022-09-23,-0.20321605,-1.44040817,-0.91415836
2022-09-26,1.63542450,0.63151456,0.74184894
2022-09-27,-0.70367966,-0.77591017,-0.88208504
2022-09-28,1.27320918,1.95777226,1.66663961
2022-09-29,-0.09371746,0.86602681,-0.30120714
2022-09-30,-0.51975124,-0.42814880,-0.69848709
2022-10-03,0.22072126,0.48707501,0.36637075
2022-10-04,-0.63282758,1.06904671,-0.50889402
2022-10-05,-1.05277924,-2.15362534,-1.33308298
2022-10-06,-0.59614103,-1.20066480,-0.74016484
2022-10-07,0.72807399,0.51236019,0.55463217
2022-10-11,1.61552947,1.32475432,1.36419597
2022-10-12,-0.80467618,-1.46550390,-1.69619812
2022-10-13,0.46284265,1.37501044,0.27167992
2022-10-14,-0.16359060,-0.58212770,-1.04453966
2022-10-17,0.46706721,1.53992633,0.29816958
2022-10-18,-0.87403205,-0.88410275,-1.21944184
2022-10-19,0.27281868,-0.35885321,-0.08871782
2022-10-20,0.38988268,0.83126969,0.35637919
2022-10-21,0.60630191,0.93404309,2.99170585
2022-10-24,-0.08123251,0.11140641,-1.69997565
2022-10-25,-0.46416610,0.39268481,0.14846568
2022-10-26,-0.47331165,0.61599542,0.44382849
2022-10-27,-0.46854834,-1.28907978,-0.14136647
2022-10-28,0.18816068,-0.32356653,-0.93800635
2022-10-31,0.20609565,-0.28817642,-0.43439275
2022-11-01,-0.58963920,-0.73043283,-0.24061896
2022-11-02,0.14899026,0.18957337,0.82976648
2022-11-03,0.40047662,-0.77891125,-0.32450995
2022-11-04,0.00000000,1.39358541,0.65208531
2022-11-07,-1.54074116,-0.52579983,-1.15130874
2022-11-08,-1.24389287,-0.33506404,-0.38797944
2022-11-09,-1.42711666,-1.93517394,-1.94645378
2022-11-10,0.92830714,2.32603900,4.03915989
2022-11-14,-3.63987456,-2.11530889,-2.71353283
2022-11-15,-0.71569558,-0.37952932,0.04660498
2022-11-16,0.65104562,0.87424019,0.48520465
2022-11-17,0.94311174,0.41873194,0.32501935
2022-11-18,0.04779793,0.12519687,0.34787703
2022-11-21,1.13913751,0.05435209,-0.22885928
2022-11-22,0.13211600,0.50377261,0.59985750
2022-11-23,-0.30737252,0.54635960,0.78399640
2022-11-25,-2.01628108,-1.65702005,-1.62916058
2022-11-28,1.16508957,1.00948090,1.55904030
2022-11-29,-1.00099951,-1.28695849,-0.72178624
2022-11-30,-0.78358097,-1.09973989,-1.51714576
2022-12-01,-1.34640503,0.32601375,1.39013143
2022-12-02,0.10699633,0.32632010,0.59680742
2022-12-05,-0.60899654,-0.86406327,-1.81726505
2022-12-06,2.06795711,2.09713606,1.97833865
2022-12-07,0.22132782,0.29770875,0.29471240
2022-12-08,-0.35319120,0.09263460,-0.26555751
2022-12-09,-1.21057106,-1.22929536,-1.17435792
2022-12-12,0.46173585,0.41412365,-0.32020972
2022-12-13,-0.47032012,0.33195800,1.24570884
2022-12-14,-0.51326577,-0.27928944,-0.37319552
2022-12-15,0.62712872,0.46657864,-1.53979828
2022-12-16,0.36994113,0.10576005,1.37694823
2022-12-19,-0.41598801,-0.28458592,-0.64881393
2022-12-20,-0.91223921,-0.80964458,3.46461565
2022-12-21,-0.44249502,-0.77950209,-1.40527537
2022-12-22,-0.70210944,-0.80516414,-0.68710296
2022-12-23,0.34021071,0.65294465,0.00770813
2022-12-27,-0.70467649,-0.39616075,-1.18839050
2022-12-28,-0.27222659,-0.57176562,-0.89612865
2022-12-29,-0.15463023,0.27776358,0.67766446
2022-12-30,-0.42668184,-0.14666688,0.59314958
2023-01-03,0.86654287,-0.44402447,1.62209750
2023-01-04,0.08260562,0.66078906,-0.80449021
2023-01-05,-0.25468695,-1.17512392,-1.42710696
2023-01-06,-0.06147008,0.85984121,0.96656411
2023-01-09,-1.93276715,-0.63985702,-1.46322499
2023-01-10,0.01688619,-0.18762831,-0.48981562
2023-01-11,0.12541907,0.15339488,-0.12379943
2023-01-12,0.06985763,0.84320942,2.25249885
2023-01-13,-0.37472117,-0.48518068,1.10582658
2023-01-17,-0.23276605,-0.39887559,-0.48961725
2023-01-18,-0.11140712,0.20326092,-0.32137147
2023-01-19,-0.42592054,-0.58226665,-0.44917102
2023-01-20,0.28570269,0.48052228,-0.86399106
2023-01-23,-0.56492145,-0.25278105,-1.11273121
2023-01-24,0.50464353,0.57864603,0.98371541
2023-01-25,-0.25267454,0.00419340,0.07817512
2023-01-26,-0.05845722,-0.37934099,-0.64093860
2023-01-27,0.04711808,-0.03574811,0.40129442
2023-01-30,-0.34266319,-0.25087233,-0.64850127
2023-01-31,0.37806259,0.29492994,0.50915478
2023-02-01,-0.01461098,0.52868778,0.68150451
2023-02-02,-0.92793297,-0.91885795,-0.29547603
2023-02-03,0.72766606,-0.13033659,-1.28581136
2023-02-06,1.90283269,0.93322606,0.60563634
2023-02-07,0.23311326,0.07419114,1.29366002
2023-02-08,0.35841437,0.63028677,0.43486628
2023-02-09,-0.02857075,0.22289456,0.19277384
2023-02-10,0.35564870,-0.49300514,-0.04119493
2023-02-13,1.02044852,1.47489853,0.09938197
2023-02-14,-0.63584041,-0.59875732,-0.88975860
2023-02-15,1.04261070,0.67508022,0.16181906
2023-02-16,0.16924565,0.17862216,0.37115454
2023-02-17,1.19050400,1.13367668,0.99447143
2023-02-21,-0.27931241,-0.47542914,-0.76730570
2023-02-22,0.64198026,0.32089296,0.71665710
2023-02-23,-0.57655005,-0.95092057,-0.59867693
2023-02-24,0.60148521,0.24025905,-0.54942648
2023-02-27,1.36901249,1.85927514,1.50300002
2023-02-28,0.07561723,0.13228519,0.14179994
2023-03-01,-0.62714874,0.04770933,-0.42960295
2023-03-02,-0.09048398,-0.82993046,-0.83520559
2023-03-03,-1.01753478,-0.82134490,-0.47203659
2023-03-06,-0.34215241,0.39007368,-0.22484750
2023-03-07,0.27466169,-0.85992164,-0.43583080
2023-03-08,1.62422097,1.39354082,1.41679437
2023-03-09,0.05829756,0.32388030,0.62310138
2023-03-10,0.22170432,0.99869021,1.23097139
2023-03-13,-1.81576583,-1.13412277,-0.39975344
2023-03-14,0.43599957,0.33306507,-0.46121773
2023-03-15,0.89194797,-0.86768589,2.04664837
2023-03-16,-0.42875138,0.39352661,-0.57847133
2023-03-17,-0.63865623,-0.40479880,0.11402420
2023-03-20,0.53231064,1.24048415,0.85318282
2023-03-21,-0.00305183,0.43528585,-0.51713609
2023-03-22,-0.24033876,-0.02727606,-0.54111410
2023-03-23,-2.18508604,-1.29684831,-0.93057001
2023-03-24,1.06651654,-0.12140946,1.33728568
2023-03-27,0.65296270,0.90548361,0.00230472
2023-03-28,-0.21137424,0.29732670,0.18482401
2023-03-29,0.39437401,0.22772898,-0.90699251
2023-03-30,-0.34448894,0.32749076,-0.35950748
2023-03-31,0.37801507,0.12934947,0.34776934
2023-04-03,0.96487191,1.14131898,1.27001697
2023-04-04,-0.09723636,0.45314155,0.47211830
2023-04-05,-0.38400122,-0.68418640,-0.01170437
2023-04-06,0.69081333,0.77381546,0.26256957
2023-04-07,0.00000000,-0.12812300,-0.33305579
2023-04-10,-0.00075809,-0.66967999,-1.22691702
2023-04-11,0.22363902,0.83385675,0.31364005
2023-04-12,0.24961423,0.99417858,0.53550431
2023-04-13,-1.10613126,-0.50306498,-0.44868165
2023-04-14,-0.88198492,-1.54552148,-1.89732574
2023-04-17,0.94217624,0.34461327,0.36433463
2023-04-18,0.53913494,0.93521216,0.83900560
2023-04-19,0.51955735,0.47369152,0.01244778
2023-04-20,-0.15091151,0.00406289,0.36285338
2023-04-21,0.32117163,0.34860678,0.18669285
2023-04-24,0.55817948,1.05304339,0.46092062
2023-04-25,-0.22547830,-0.75932221,0.10968544
2023-04-26,0.32283979,1.09117664,0.50289873
2023-04-27,0.11375287,-0.20329213,-0.12525340
2023-04-28,0.04933657,0.25820784,-1.38529984
2023-05-01,0.09264725,-0.54199816,-0.89844122
2023-05-02,0.10077259,0.34714641,0.75363561
2023-05-03,-0.22818792,0.24358931,0.61977294
2023-05-04,-1.17568800,-1.53345544,-0.03051991
2023-05-05,-0.28966654,-0.13569473,-1.09563068
2023-05-08,0.16004490,0.10554098,0.17490214
2023-05-09,0.23476134,-0.37465146,-0.00256847
2023-05-10,0.06724137,0.18601012,0.53588813
2023-05-11,0.04605581,-0.41010895,0.09069930
2023-05-12,0.65278585,0.09954591,-0.21548636
2023-05-15,0.17919535,0.34529939,-0.14474708
2023-05-16,0.18785597,0.11414778,-0.21547678
2023-05-17,-0.10084862,-0.43182317,-0.74742156
2023-05-18,-0.25499331,-0.75233683,-0.96797206
2023-05-19,-0.58176148,-0.18504802,0.01762211
2023-05-22,-0.62965644,-0.74905883,-1.33202165
2023-05-23,-0.43710207,-0.75958046,-0.50168807
2023-05-24,0.35822898,0.23710216,0.06971890
2023-05-25,0.69795171,0.38906229,0.21538518
2023-05-26,-0.11313070,-0.22489224,-0.62489720
2023-05-30,0.01434612,0.09836825,0.51502582
2023-05-31,-0.00301980,-0.63721069,0.03274961
2023-06-01,-0.24159148,0.67602857,0.50620111
2023-06-02,-1.22147803,-1.47871377,-1.94238596
2023-06-05,0.22601727,0.19797941,0.31214676
2023-06-06,-0.78201443,-1.02263262,-0.80332566
2023-06-07,0.43839036,0.50412844,0.21595929
2023-06-08,0.04909406,0.77828761,0.87785195
2023-06-09,-0.98139941,-1.26614678,-1.35089832
2023-06-12,-0.22068047,-0.23924579,-0.48491142
2023-06-13,-1.32933937,-0.91618409,-1.52668069
2023-06-14,0.54739359,1.17162222,1.03089860
2023-06-15,0.12124151,0.80353011,-0.70544110
2023-06-16,-0.57109821,-0.64385328,-1.50355089
2023-06-20,0.59166483,0.36147796,0.84765946
2023-06-21,0.90375798,1.37587648,0.45636993
2023-06-22,0.22991531,0.24822047,-0.33124315
2023-06-23,0.72909828,0.12213028,0.10558390
2023-06-26,0.05290640,0.26427931,0.21321409
2023-06-27,-0.37474710,0.09096215,-0.68607602
2023-06-28,0.59769691,0.07456318,0.43727626
2023-06-29,0.76237230,0.54983245,0.42120617
2023-06-30,0.00531217,0.36375414,0.17836767
2023-07-03,-0.71558658,-0.72467856,-0.73619926
2023-07-05,-0.73603033,-1.19966825,-0.77723009
2023-07-06,0.16246516,0.20854653,0.48918012
2023-07-07,0.31056617,1.15010094,1.63666043
2023-07-10,0.11955031,0.36610520,0.57926850
2023-07-11,-0.98051973,-0.97151059,-0.24056916
2023-07-12,-0.42283788,0.76389867,1.23425981
2023-07-13,-1.10078639,-0.46949589,-1.05067096
2023-07-14,-0.60518528,-0.22337565,-1.03503168
2023-07-17,0.05843889,0.04953452,-0.07120780
2023-07-18,-0.48539092,-0.60052886,-0.49971575
2023-07-19,0.38782745,0.13737221,-0.20116810
2023-07-20,0.27651372,-0.26092182,-0.17347705
2023-07-21,1.13845863,1.00221463,0.16810023
2023-07-24,-0.24694051,-0.57885267,0.14870871
2023-07-25,-0.40764053,-0.70418008,-0.20974215
2023-07-26,-0.10036697,0.15277237,0.25537562
2023-07-27,0.25038460,-0.47357557,-0.19033892
2023-07-28,-0.04227899,0.33035845,0.17792349
2023-07-31,-0.22245024,-0.39418441,-1.24703332
2023-08-01,0.78423676,0.33610359,-0.03137447
2023-08-02,1.07645813,0.78164027,1.16821107
2023-08-03,0.06781437,0.14099680,0.62288791
2023-08-04,0.84325473,1.66311859,1.29132054
2023-08-07,-0.27109791,-0.59641872,-0.73316232
2023-08-08,0.77185782,0.32296500,0.26507750
2023-08-09,-0.04331241,0.17575073,-0.32874382
2023-08-10,0.00684177,0.38044363,-0.56106412
2023-08-11,0.65600438,0.11690632,0.28099236
2023-08-14,0.44405175,0.12320281,0.19518830
2023-08-15,0.37216646,0.42730590,0.30313471
2023-08-16,0.13782772,-0.08209431,-0.14374769
2023-08-17,0.32090602,0.04489472,0.08067396
2023-08-18,-0.23413092,-0.22495620,0.46007182
2023-08-21,0.33333582,0.45327452,-0.42811640
2023-08-22,-0.55048605,-0.93410835,-0.22987921
2023-08-23,0.30410618,0.45207462,1.11558319
2023-08-24,-1.34790011,-1.67486343,-2.11275001
2023-08-25,0.23011650,-0.13095634,-0.20126056
2023-08-28,-0.06872541,0.14434767,-0.08237722
2023-08-29,-0.10051391,0.27838331,0.16632261
2023-08-30,0.11725813,0.80924913,0.16527929
2023-08-31,-0.07480618,-0.87047632,0.10353367
2023-09-01,-0.30927913,-0.78754442,-0.66385625
2023-09-05,0.89658207,0.33536997,-0.08074038
2023-09-06,0.05337704,-0.06787717,0.03982426
2023-09-07,0.31257749,0.21894992,0.66711117
2023-09-08,-0.16479030,-0.11815577,-0.55007175
2023-09-11,-0.09303512,0.23348872,0.75282475
2023-09-12,-0.32292222,-0.48991658,-0.77008693
2023-09-13,0.18157298,0.28431373,-0.04263807
2023-09-14,-0.28728285,-1.00236892,-0.09757325
2023-09-15,0.00075422,0.12270636,-0.44570792
2023-09-18,-0.14329997,0.06253226,-0.00802029
2023-09-19,0.31269118,0.20951778,0.19731123
2023-09-20,0.16639937,0.45703569,0.20707884
2023-09-21,0.73214366,0.25269062,0.95079979
2023-09-22,-0.26117844,-0.29858985,-0.81289075
2023-09-25,-0.04114980,-0.68816300,-0.37716852
2023-09-26,0.94758351,0.77601742,0.83911062
2023-09-27,0.02669257,-0.56932385,-0.36142278
2023-09-28,0.54556910,1.19610181,0.74776558
2023-09-29,-0.63034038,-0.57397642,-0.79658822
2023-10-02,0.28267031,-0.51322390,0.03497613
2023-10-03,0.66214387,0.21156094,1.09405438
2023-10-04,0.17051050,0.79340184,0.39261806
2023-10-05,-0.93327659,-0.84850758,-0.70644188
2023-10-06,-0.00370310,0.65173002,-0.39944911
2023-10-10,-0.02814460,0.17942248,0.28128248
2023-10-11,-0.77641707,-0.75772738,-1.14226121
2023-10-12,-0.08213184,-0.71249881,-0.44253294
2023-10-13,0.85487330,0.36746701,0.91553991
2023-10-16,0.29785500,0.71807073,0.33138373
2023-10-17,-0.00517113,0.44047243,-0.09868042
2023-10-18,-0.30658983,-0.88067631,-0.40637638
2023-10-19,0.59653933,0.95949684,0.55627924
2023-10-20,-0.33738490,-0.12995088,-0.29082912
2023-10-23,0.05765308,0.56776573,0.10441523
2023-10-24,-0.81406515,-1.28921852,-0.85378189
2023-10-25,0.47591384,0.36211385,0.40890310
2023-10-26,0.75978267,0.27421629,0.42489905
2023-10-27,-0.30677103,0.26117368,0.25300378
2023-10-30,-0.30771501,-0.04417801,0.08701318
2023-10-31,0.00370102,-0.48595929,-1.61394765
2023-11-01,0.43744402,0.15232637,0.77010646
2023-11-02,-1.03394402,-0.28263595,-0.71826282
2023-11-03,-1.55408776,-0.48785308,-0.81587525
2023-11-06,-1.82294030,-1.69487929,-2.09170304
2023-11-07,0.80049925,0.23773476,0.33156625
2023-11-08,0.12611497,0.38844595,-0.07311455
2023-11-09,-0.00687033,-0.05353068,-0.18561865
2023-11-13,1.15124171,1.05679610,0.80419337
2023-11-14,0.28453474,1.79348896,0.82337702
2023-11-15,-2.13736322,-2.20944692,-2.34465814
2023-11-16,-0.24916560,-0.26754777,0.06878646
2023-11-17,-0.06861460,0.18924908,0.44498283
2023-11-20,-0.36491001,0.23954959,0.68345597
2023-11-21,-0.16570137,-0.36637332,0.09083795
2023-11-22,0.83143314,0.35141533,-0.37447496
2023-11-24,0.46305555,1.04526257,0.53022347
2023-11-27,-0.13398873,-0.10658814,0.32211234
2023-11-28,-0.81421113,-0.17939306,0.18161662
2023-11-29,-0.07497816,-0.41995416,-0.06141890
2023-11-30,-0.21582066,-0.77073314,-0.53972954
2023-12-01,1.20159696,0.92326474,1.80054519
2023-12-04,-0.07813398,-0.57416089,-0.17999113
2023-12-05,0.53969933,0.19602150,0.46459838
2023-12-06,0.11895049,0.14679483,0.18698457
2023-12-07,0.93219500,0.96961194,3.07551573
2023-12-08,-1.37028681,-1.80888476,-1.90128609
2023-12-11,0.70919815,0.71856994,-0.34322363
2023-12-12,-0.19979033,0.19952194,0.45891163
2023-12-13,0.45746908,0.48539979,0.65122875
2023-12-14,-1.79199248,0.06425078,0.73381227
2023-12-15,-0.01465925,-0.84203635,-0.20504036
2023-12-18,0.13195259,0.26049168,-0.73608167
2023-12-19,0.79529604,1.32142533,0.38824081
2023-12-20,-0.66745671,-0.84843975,-0.77109364
2023-12-21,0.43102785,0.73350334,1.56843608
2023-12-22,-0.17473675,-0.01123768,-0.48275299
2023-12-26,-0.63644878,-0.39273368,-0.55276247
2023-12-27,-0.06722040,0.64820231,0.23528643
2023-12-28,-0.38117181,-0.74866974,0.30376059
2023-12-29,0.19558384,0.09604881,0.30934550
2024-01-02,0.73975383,-0.21646332,0.05106850
2024-01-03,0.35216683,-0.08745205,-0.80829710
2024-01-04,0.40533292,0.84712007,-0.31685773
2024-01-05,0.39911782,0.39911782,0.44774734
2024-01-08,-0.00304039,0.17035947,0.43478075
2024-01-09,0.02584411,-0.34779470,-0.29290814
2024-01-10,0.34196608,0.57137158,-0.57411585
2024-01-11,-0.55891307,-0.71315563,-0.79725027
2024-01-12,0.02817888,0.17443227,0.83608285
2024-01-16,1.37733076,0.66503453,-0.10529804
2024-01-17,0.95606459,0.73340832,0.01719156
2024-01-18,-0.40915617,-0.36329559,-0.24782102
2024-01-19,-0.01493953,0.20596091,-0.05541658
2024-01-22,-0.02091847,0.05254829,0.15477981
2024-01-23,-0.33551280,-0.93926279,-0.73806205
2024-01-24,0.29840451,0.96526988,1.14267864
2024-01-25,-0.13007012,-0.71640857,-0.38703114
2024-01-26,0.00598802,0.27360578,-0.16300952
2024-01-29,-0.04341057,-0.58615296,0.15291459
2024-01-30,-0.49195058,-0.15126419,-0.53237088
2024-01-31,0.44923359,0.55112787,1.44507243
2024-02-01,-0.23372537,-0.14181724,-0.17912623
2024-02-02,-0.74186427,-1.45443994,-2.31887518
2024-02-05,0.68689008,0.21085120,0.51771391
2024-02-06,-0.31180033,-0.17251912,0.20000830
2024-02-07,0.04069851,0.20819293,0.03394083
2024-02-08,0.05273586,0.09918991,-0.75841195
2024-02-09,0.37874510,0.45327916,0.29138911
2024-02-12,-0.12977271,-0.20387416,-0.12308661
2024-02-13,-0.26213600,-0.76202876,-1.15548868
2024-02-14,0.54071151,0.68139348,0.68768132
2024-02-15,-0.09138166,0.15059543,0.11483494
2024-02-16,0.08396809,0.15837305,-0.01588953
2024-02-20,0.17154072,0.59012363,0.48568381
2024-02-21,-0.17199477,-0.13506930,-0.45097382
2024-02-22,-0.46743324,-0.49503517,-0.68550353
2024-02-23,0.00000000,0.12020342,0.17291833
2024-02-26,0.16181108,0.41156809,-0.12381515
2024-02-27,0.00000000,0.01842469,0.21932740
2024-02-28,0.38771922,0.25827019,0.24114835
2024-02-29,0.01272436,-0.31932932,0.53313747
2024-03-01,-0.10402712,0.12706377,-0.30355303
2024-03-04,-0.26296074,0.01326813,-0.42207328
2024-03-05,0.39210089,0.38285839,0.59269787
2024-03-06,-0.18855078,0.28932376,0.46048794
2024-03-07,-0.72639225,-0.47168126,0.00434946
2024-03-08,-0.37906819,-0.37906819,0.23692045
2024-03-11,-0.51012674,-0.62833973,-0.30011815
2024-03-12,-0.13180450,-0.22319194,-0.69305172
2024-03-13,0.29370928,0.53254757,0.26655333
2024-03-14,0.26850845,-0.24456141,-0.04273734
2024-03-15,0.84585040,0.84585040,0.20347708
2024-03-18,0.31895287,0.30052544,0.32567982
2024-03-19,0.35168230,0.10278505,-0.71355151
2024-03-20,0.05529486,0.02765273,-0.55825799
2024-03-21,-1.26286389,-1.21738805,-1.21726985
2024-03-22,1.21245585,0.80242472,1.37295132
2024-03-25,0.33404577,0.51955754,0.28766231
2024-03-26,0.10352969,0.02963210,-0.00213441
2024-03-27,0.34077381,0.26664636,0.49325731
2024-03-28,-0.19057082,-0.37504440,-0.19057082
2024-03-29,0.07949421,-0.01316341,0.16553001
2024-04-01,0.12397185,-0.41417942,-0.20599115
2024-04-02,0.19425394,0.53031964,0.30664604
2024-04-03,-0.21237707,0.32506207,-0.29132818
2024-04-04,-0.12087505,0.22967513,-0.11428932
2024-04-05,0.42394589,0.20211665,0.47031884
2024-04-08,0.04583832,0.15657996,-0.07940024
2024-04-09,0.11823825,0.14591306,0.15123049
2024-04-10,-0.42441689,-1.51593258,-1.18637524
2024-04-11,1.12227123,0.98099954,0.93083929
2024-04-12,0.77335269,0.06844675,0.81942201
2024-04-15,0.64666773,0.61830857,-0.09064659
2024-04-16,0.74369593,0.59225858,0.53513034
2024-04-17,-0.57679063,-0.42711324,-0.60251296
2024-04-18,-0.89906774,-0.75009979,-0.89906774
2024-04-19,0.24027610,0.19325908,0.27919177
2024-04-22,0.37189843,0.37189843,0.22922337
2024-04-23,-0.18598391,0.18872850,-0.21177397
2024-04-24,-0.68224496,-0.75653594,-0.87433655
2024-04-25,0.00000000,0.31814354,-0.26363169
2024-04-26,0.38252084,0.05480997,-0.95489379
2024-04-29,0.16362446,0.45419833,0.74526506
2024-04-30,0.33179657,0.02285290,-0.19680183
2024-05-01,0.36398634,0.32641090,0.29395755
2024-05-02,-0.83348354,-0.59206693,1.66873460
2024-05-03,-0.89792713,-0.30549927,-0.30143445
2024-05-06,-0.31033572,-0.22702959,-0.95830234
2024-05-07,0.04710004,-0.06427998,-0.43181098
2024-05-08,0.00000000,-0.11145166,-0.53403680
2024-05-09,0.75692376,0.90681783,0.58865037
2024-05-10,-0.14382292,-0.12528124,-0.25274528
2024-05-13,0.01023564,0.22375420,-0.19469025
2024-05-14,0.06286963,0.26677693,-0.14812556
2024-05-15,-0.62976249,-0.24396567,0.31894059
2024-05-16,-1.10281954,-0.96622123,-1.24933388
2024-05-17,0.71962235,0.66405290,0.51244693
2024-05-20,0.08635770,0.01269031,-0.24707113
2024-05-21,0.55604720,0.50049649,0.56248979
2024-05-22,-0.08653945,-0.26142252,-0.34831029
2024-05-23,0.00146804,-0.08158966,-0.35511153
2024-05-24,0.48738237,0.71941198,0.58345062
2024-05-28,-0.83052110,-0.58378539,-0.83052110
2024-05-29,0.54653261,-0.08194098,0.08724126
2024-05-30,0.00000000,0.24049579,0.63206282
2024-05-31,1.49149860,1.57578609,1.12992828
2024-06-03,-0.68715128,-0.28425940,0.04477499
2024-06-04,0.00363396,-0.10656288,0.75913374
2024-06-05,-0.24564668,-0.36486037,-1.10135907
2024-06-06,-0.51945970,-0.35465071,-0.37277087
2024-06-07,0.06810941,-0.63070307,-0.31534228
2024-06-10,0.68282615,0.16110521,0.45827387
2024-06-11,0.00000000,-0.16742629,-0.24790236
2024-06-12,0.16718640,1.19377640,1.09251837
2024-06-13,-0.13787999,-0.93913466,-0.70480789
2024-06-14,0.20710554,-0.32392877,-0.11782849
2024-06-17,0.11167837,0.33624891,-0.21822070
2024-06-18,0.02752626,0.17677931,0.02118778
2024-06-20,0.25346156,-0.03593757,-0.35271922
2024-06-21,0.27376876,0.14266746,-0.15386474
2024-06-24,0.07203729,0.38084384,-0.09087505
2024-06-25,-0.14469071,-0.34948393,-0.12593032
2024-06-26,0.10741371,-0.10766995,-0.51560978
2024-06-27,-0.20811580,0.03477776,-0.22053545
2024-06-28,-0.66461725,-0.63678702,-0.77575828
2024-07-01,0.46856271,0.62802173,0.05188715
2024-07-02,0.25668836,0.34079632,0.26910174
2024-07-03,-0.12260647,0.45412804,-0.09168085
2024-07-05,-0.35960573,-0.09202805,0.10533731
2024-07-08,0.20726590,0.27204710,0.18233407
2024-07-09,0.04773166,-0.15541094,-0.34278922
2024-07-10,0.00216859,0.09465186,-0.20187962
2024-07-11,-0.90861777,-0.47830317,1.05971275
2024-07-12,0.29543714,0.59069509,0.74012175
2024-07-15,0.58695178,0.67921646,0.58058108
2024-07-16,0.14606246,-0.10173297,-0.28339660
2024-07-17,-0.31624777,0.12333148,0.96354491
2024-07-18,0.23467887,0.05131716,-0.02713051
2024-07-19,0.39310619,0.16312107,0.13156614
2024-07-22,-0.04174794,-0.11519265,0.14915781
2024-07-23,-0.21098718,-0.44028178,0.46697945
2024-07-24,-0.46039054,-0.47873040,1.24629942
2024-07-25,0.08481949,0.15859435,-0.29219678
2024-07-26,0.18398198,0.16553359,0.25560708
2024-07-29,-0.08531498,-0.45335876,-0.15021150
2024-07-30,0.22070582,0.12807184,0.37717843
2024-07-31,-1.13286834,-1.00481396,1.06301023
2024-08-01,-0.05769413,-0.37165869,0.15543087
2024-08-02,-0.66642309,0.48444326,1.41513506
2024-08-05,0.61057247,1.00696743,2.72832193
2024-08-06,0.71069256,0.42575768,-0.09438223
2024-08-07,-0.17569334,-0.18482974,-1.73989187
2024-08-08,0.14254753,0.04171750,0.37404376
2024-08-09,-0.96082618,-0.86100660,-0.56193812
2024-08-12,0.45170894,0.47929293,-0.26317715
2024-08-13,-0.18906904,0.04840207,0.19803194
2024-08-14,-0.87253525,-0.23907510,-0.79828753
2024-08-15,0.57992400,0.23322253,-0.80473011
2024-08-16,-0.65067011,-0.56023744,-0.12753180
2024-08-19,-1.48633283,-0.82336344,-0.33581807
2024-08-20,-0.18213025,0.14248071,0.31113582
2024-08-21,0.14717145,0.48081501,0.49895228
2024-08-22,0.71153298,0.44942812,0.17337449
2024-08-23,-1.16659098,-0.61524391,-0.40927299
2024-08-26,0.07306638,-0.03438502,0.31544111
2024-08-27,0.17839266,0.14249929,0.35200002
2024-08-28,0.31933278,0.02268959,0.17350971
2024-08-29,-0.23443059,-0.60203986,-0.58537858
2024-08-30,0.29879431,0.06356351,-0.36780268
2024-09-03,0.28368263,0.12953954,0.37308655
2024-09-04,-0.21346629,0.12990854,0.83065862
2024-09-05,-0.13388883,0.00129677,0.47882941
2024-09-06,0.04044520,-0.04971382,0.95547073
2024-09-09,0.48514614,0.08632363,-0.07029232
2024-09-10,0.09313346,-0.06096755,0.54336965
2024-09-11,-0.20991358,-0.32757989,0.18440232
2024-09-12,0.05669146,0.32018983,-0.30909510
2024-09-13,-0.90133075,-0.50640806,0.21182080
2024-09-16,-0.65224260,-0.31167293,-0.74397645
2024-09-17,0.24383041,0.19876890,-0.44911559
2024-09-18,0.02568344,0.00768998,-0.08707714
2024-09-19,0.37231431,0.65222991,-0.29505480
2024-09-20,0.34459927,0.45262252,-0.36666891
2024-09-23,0.03449155,-0.22547800,0.25045849
2024-09-24,-0.30881780,-0.12967821,-0.43363113
2024-09-25,0.38345865,0.32043764,-0.06142338
2024-09-26,-1.52198337,-1.15963942,-1.70576181
2024-09-27,-0.40691218,-0.62953622,1.04577802
2024-09-30,0.42079378,0.29480659,-0.03486776
2024-10-01,0.67227402,-0.03229640,0.38495930
2024-10-02,-0.16996782,-0.32331656,-1.80361230
2024-10-03,1.06316164,0.74305208,0.53313416
2024-10-04,0.98533970,0.49026859,-0.28470257
2024-10-07,-0.36997494,-0.23363242,0.00667269
2024-10-08,0.20390698,0.14913079,0.14306261
2024-10-09,-0.03342023,-0.20656198,-0.69003717
2024-10-10,0.35140115,0.11314561,0.78371736
2024-10-11,-0.00444191,0.15115758,-0.37996171
2024-10-15,1.07054808,0.67335986,1.00281551
2024-10-16,-0.10328384,-0.34159145,-0.43024524
2024-10-17,0.53675133,0.20387880,0.26217055
2024-10-18,-0.10429734,0.05240903,0.25633696
2024-10-21,0.69287774,0.37745874,0.09729948
2024-10-22,0.00580072,-0.13283949,-0.41775638
2024-10-23,0.17328635,-0.06775997,-0.94113409
2024-10-24,0.03618966,0.28676737,0.65536408
2024-10-25,0.51587790,0.58099090,0.37708033
2024-10-28,-0.26417322,-0.20883104,-0.99977458
2024-10-29,-0.24322120,-0.43685207,-0.41222337
2024-10-30,-0.27420055,0.33534777,-0.06582800
2024-10-31,-0.06093978,-0.14373171,0.46384689
2024-11-01,-0.04500679,-0.10946418,-0.43060536
2024-11-04,-0.12927122,0.20215819,0.47512999
2024-11-05,0.37013606,0.70212107,0.40976628
2024-11-06,1.42871633,-0.31749234,-0.29041446
2024-11-07,-1.09430135,-0.54134366,-0.15775552
2024-11-08,0.86880534,0.10238187,1.23240373
2024-11-12,0.82981907,-0.22461041,-0.57122863
2024-11-13,-0.28687477,-0.57854366,-0.64005753
2024-11-14,-0.10468296,-0.15195055,-0.54023577
2024-11-15,-0.38138825,-0.47570620,0.50144698
2024-11-18,-0.22469980,0.09678998,-0.34717885
2024-11-19,-0.10399633,-0.17948925,0.18079207
2024-11-20,0.47959909,-0.06183948,-0.19293781
2024-11-21,0.10646583,-0.33122045,0.57249878
2024-11-22,0.32048537,-0.40737687,0.27510028
2024-11-25,-0.31732705,0.43995068,-0.03305473
2024-11-26,-0.30977210,-0.28122937,0.20981994
2024-11-27,-0.39736806,0.49592908,1.45336768
2024-11-29,0.42051842,0.15462958,0.60745909
2024-12-02,0.65426381,0.05302947,1.42977234
2024-12-03,1.54324280,1.87255130,1.63857578
2024-12-04,-1.09746959,-1.01284107,-1.79554311
2024-12-05,0.26342624,0.68250012,0.25675047
2024-12-06,0.46049100,0.38446376,0.73548634
2024-12-09,0.53782340,0.60444886,-0.43272158
2024-12-10,0.17831544,-0.37138581,-0.35535398
2024-12-11,-0.28619294,-0.32413578,-0.47601179
2024-12-12,0.06790340,0.12504152,0.24557377
2024-12-13,0.37426459,0.22151699,-0.71605037
2024-12-16,0.21187327,0.34551455,-0.07411210
2024-12-17,-0.11823126,-0.17524140,0.38309826
2024-12-18,0.13717135,-0.21549145,-0.24647106
2024-12-19,0.55141051,-0.52431381,-1.82642986
2024-12-20,-0.10649627,0.59759041,0.93012839
2024-12-23,0.50120455,0.29885313,-0.09396942
2024-12-24,0.38573869,0.18321198,0.22618351
2024-12-26,0.70675742,1.04606591,0.24786960
2024-12-27,0.18669174,0.18669174,0.36454170
2024-12-30,0.13057671,-0.22487098,0.42983508
2024-12-31,0.37627690,0.03801677,0.30611492
2025-01-02,-0.36133328,-1.22767276,-0.53830015
2025-01-03,-0.17113520,0.13046258,0.11463445
2025-01-06,-0.68435374,0.32887429,-0.89869499
2025-01-07,-0.51508966,-0.78301094,-0.69159311
2025-01-08,0.51156002,-0.03127414,0.20045734
2025-01-09,-0.04247012,-0.18785584,0.14731065
2025-01-10,0.96831891,0.38003971,1.17963008
2025-01-13,-0.44048976,-0.72250049,-0.33303553
2025-01-14,-0.50243034,0.30649299,-0.77959990
2025-01-15,-0.20554985,-0.30251297,0.65474714
2025-01-16,-0.02334363,0.18084911,0.72275082
2025-01-17,0.06043292,-0.09495550,-0.49012353
2025-01-21,-1.49275243,-0.19043050,-0.97959486
2025-01-22,0.03344272,0.00465059,-0.68829008
2025-01-23,-0.10308058,-0.10308058,0.29394564
2025-01-24,-0.35697104,0.55148267,-0.08797714
2025-01-27,0.32606338,0.10661502,1.21079588
2025-01-28,0.87806783,0.25310840,-0.04872714
2025-01-29,-0.31595249,-0.42111452,-0.03980160
2025-01-30,0.02150016,0.05991087,0.53967915
2025-01-31,0.81128308,0.61778733,0.49240419
2025-02-03,0.50555074,-0.68312068,0.65499654
2025-02-04,-0.69736725,0.28821887,-0.62026893
2025-02-05,-0.59613238,-0.21303625,0.85906768
2025-02-06,0.32446598,-0.16661260,0.51582415
2025-02-07,0.47821430,0.10025805,0.96964773
2025-02-10,-0.20426831,-0.36851727,-0.48052858
2025-02-11,0.09028256,0.42029319,-0.33669574
2025-02-12,0.08124987,0.52622740,-1.37511290
2025-02-13,-0.44995150,-0.10508990,0.48588915
2025-02-14,-0.48792287,0.18007151,0.11993415
2025-02-18,-0.07361673,-0.46387981,0.22921044
2025-02-19,0.15498704,-0.33348043,0.23422880
2025-02-20,-0.44064786,0.21950929,0.91670748
2025-02-21,-0.04530532,-0.23614961,0.04830400
2025-02-24,-0.29915066,-0.07981833,-0.35247732
2025-02-25,0.28116410,0.47257690,0.60402250
2025-02-26,-0.04114968,0.11119759,-0.06796088
2025-02-27,0.98730114,0.02679799,0.53562229
2025-02-28,0.80768301,0.69152282,0.24555838
2025-03-03,-0.17477245,0.72732055,0.14432790
2025-03-04,0.13525668,0.49778905,1.04368082
2025-03-05,-0.90849252,1.29270482,-0.91515100
2025-03-06,0.14738343,0.61240657,0.77034213
2025-03-07,0.13542084,0.51493205,0.65947626
2025-03-10,0.51335127,0.30971431,0.49968993
2025-03-11,-0.25193240,0.57646348,-0.47512783
2025-03-12,-0.09428314,-0.11256917,-0.66009221
2025-03-13,0.27967211,-0.32613644,0.69379844
2025-03-14,-0.27477057,-0.15538315,-0.81197468
2025-03-17,-0.48561746,-0.02795381,-0.51911045
2025-03-18,0.45476255,0.50074990,-0.17018179
2025-03-19,0.74899399,0.28798459,0.39306167
2025-03-20,0.38436549,0.11672307,1.18021036
2025-03-21,-0.08720712,-0.47403763,-0.18109752
2025-03-24,0.02863981,-0.08244141,-1.13926788
2025-03-25,-0.10839111,-0.01584746,0.53856663
2025-03-26,0.13171184,-0.08145267,-0.47961721
2025-03-27,-0.22831828,-0.05248469,-0.41336214
2025-03-28,0.36204659,0.60365892,0.83627162
2025-03-31,0.35665668,0.07855769,0.59767334
2025-04-01,-0.23330892,-0.19634460,0.10058228
2025-04-02,-0.60774983,0.01805323,-0.99211778
2025-04-03,-0.78724539,0.89247000,1.88940657
2025-04-04,0.49705284,0.15151466,0.57280612
2025-04-07,0.85473603,-0.07927369,-0.52898331
2025-04-08,0.52713199,0.52713199,1.16987110
2025-04-09,-0.35318714,0.81569043,0.97232357
2025-04-10,-1.51960618,-0.16371670,-1.00789567
2025-04-11,-2.17737543,-1.01490142,-1.65272947
2025-04-14,0.26571938,0.55788439,0.69354597
2025-04-15,0.32336070,-0.27727220,0.22521066
2025-04-16,-0.83522520,-0.02715086,-0.45960106
2025-04-17,0.06076708,-0.09747346,0.22246157
2025-04-18,0.52185580,0.75184245,0.59960439
2025-04-21,-0.20864214,0.82519282,0.79061796
2025-04-22,0.31537747,-0.05073705,0.27265068
2025-04-23,0.06175439,-0.95055710,-1.17989806
2025-04-24,0.49723679,0.61234376,0.49723679
2025-04-25,0.54083477,0.70010037,-0.23551533
2025-04-28,-0.30609695,-0.25353888,0.42746015
2025-04-29,-0.29937827,-0.22057739,-0.01209698
2025-04-30,-0.44203602,-0.85263836,-0.67936132
2025-05-01,0.83468941,0.21274666,-1.14069459
2025-05-02,-2.69132848,-2.25133006,-2.04493819
2025-05-05,-1.69991922,-1.83006055,-1.33124271
2025-05-06,0.14835177,0.41387988,1.00420067
2025-05-07,1.06814799,1.09487381,0.56798499
2025-05-08,0.84419410,-0.03557108,-0.53542879
2025-05-09,-0.36334879,-0.17734384,-0.15055264
2025-05-12,1.37718000,-0.09805137,-0.63544009
2025-05-13,0.06206931,0.69275046,0.29233058
2025-05-14,-1.39710288,-1.13242080,-0.58292583
2025-05-15,-0.08435621,-0.23593268,0.55379741
2025-05-16,0.25328230,-0.17679703,-0.02821233
2025-05-19,-0.90708612,-0.06211468,-0.20313618
2025-05-20,0.35146347,0.51222587,0.53868635
2025-05-21,-1.55882184,-0.78031954,-0.84627434
2025-05-22,0.72249278,0.17195108,0.57549352
2025-05-23,-1.19575839,-0.59142431,-0.30893818
2025-05-27,0.79265657,0.57952673,-0.43609646
2025-05-28,-0.09085293,-0.44370176,-0.55237477
2025-05-29,-0.20733304,0.53540876,0.45061014
2025-05-30,0.68379807,0.48012812,0.62094926
2025-06-02,-0.34102510,0.40551697,0.65025918
2025-06-03,0.14748405,-0.36937228,-0.66661000
2025-06-04,-1.03667162,-0.59288988,-0.33033480
2025-06-05,-0.60036946,-0.46115429,-1.26363244
2025-06-06,0.31785364,-0.05921522,-0.37461446
2025-06-09,-0.38889052,-0.14416726,-0.04390504
2025-06-10,0.92694411,0.90927637,0.55084481
2025-06-11,0.05411137,0.64096469,0.35189146
2025-06-12,-0.86385196,-0.10458468,-0.28410841
2025-06-13,0.62367763,0.44116794,0.34424504
2025-06-16,-0.54068707,-0.33414354,-0.60968895
2025-06-17,0.93845531,0.53752543,0.31211354
2025-06-18,0.13281860,0.01128765,0.45140413
2025-06-20,0.02477935,0.01609740,-0.89375960
2025-06-23,0.74028198,0.89768867,0.36199868
2025-06-24,-1.70763990,-1.11130906,-0.64263641
2025-06-25,0.23325975,0.33687787,-0.24177940
2025-06-26,-0.47938216,0.35138375,0.38247714
2025-06-27,0.37473075,0.43469688,0.09733755
2025-06-30,-0.53060145,-0.14032574,-0.13733269
2025-07-01,0.33690432,0.38805313,0.74920947
2025-07-02,-0.08541596,0.03336836,-0.21051769
2025-07-03,0.57115484,0.29818818,-0.26138783
2025-07-07,0.36273037,0.14933793,-0.25653781
2025-07-08,0.22926402,0.00715877,-0.41931442
2025-07-09,0.16754812,0.16754812,0.35895543
2025-07-10,-0.12145101,-0.28354996,-0.07371444
2025-07-11,0.14562718,0.21417313,-0.41870761
2025-07-14,0.51913303,0.31286942,0.24688946
2025-07-15,0.20831676,-0.24670730,-0.50577276
2025-07-16,0.39339103,0.47979553,0.84762909
2025-07-17,0.01437980,-0.26083390,-0.30205748
2025-07-18,-0.05391649,0.35976049,-0.05391649
2025-07-21,-0.65238188,-0.14050063,0.21109983
2025-07-22,0.02606391,0.40206962,0.64798055
2025-07-23,-0.44876156,-0.45723473,-0.57782833
2025-07-24,-0.31845744,-0.17421279,-0.56949318
2025-07-25,0.86943837,0.56935929,0.28921895
2025-07-28,0.38252393,-0.65296502,-0.07729497
2025-07-29,0.17432521,-0.47285150,0.09341440
2025-07-30,0.06831436,-0.48694592,-0.26732767
2025-07-31,0.33127812,-0.00986572,-0.68802371
2025-08-01,-0.56224439,0.51642604,1.14363092
2025-08-04,-0.18943486,-0.07714258,0.46877608
2025-08-05,0.06711361,0.17091767,-0.20427323
2025-08-06,-0.14423354,0.43351571,0.01851949
2025-08-07,0.10183152,0.05026365,0.03389679
2025-08-08,0.26333826,0.42698429,0.02574741
2025-08-11,0.21875225,-0.23678753,0.02236440
2025-08-12,-0.52701868,0.03860695,-0.39914408
2025-08-13,-0.46917858,-0.11106203,-0.09741660
2025-08-14,0.84777721,0.23657856,0.54733018
2025-08-15,-0.19560043,0.35296377,0.27286920
2025-08-18,-0.03818801,-0.38824219,-0.55233919
2025-08-19,0.33877781,0.27857626,0.36594780
2025-08-20,0.40659751,0.31187431,0.76814039
2025-08-21,0.29906275,-0.07978168,-0.48521034
2025-08-22,-1.43878221,-0.52153865,-0.41168329
2025-08-25,0.53194954,0.16288322,-0.00609151
2025-08-26,0.32108044,0.20932603,0.53221103
2025-08-27,0.07319594,-0.32170558,-0.23159552
2025-08-28,-0.69485278,-0.17313941,-0.17461218
2025-08-29,0.35455103,0.55230246,0.40920293
2025-09-02,0.35977435,-0.00064553,-0.54070801
2025-09-03,-0.39791792,-0.20132924,-0.22290582
2025-09-04,0.40238697,0.16161386,-0.04345556
2025-09-05,-0.68253513,0.26391393,0.52815856
2025-09-08,0.07290945,0.00482685,-0.42887909
2025-09-09,0.13489241,-0.10370660,0.37293637
2025-09-10,-0.08572499,-0.16243133,-0.18064253
2025-09-11,0.14419923,0.29808309,0.28029245
2025-09-12,0.36645860,0.21246983,-0.09515244
2025-09-15,-0.64344433,-0.15149621,-0.25214398
2025-09-16,-0.25991091,0.38401084,0.22327320
2025-09-17,-0.43358982,-0.45880076,-0.29753296
2025-09-18,0.94583788,0.39189280,-0.18623948
2025-09-19,0.64241525,0.41174078,0.77176693
2025-09-22,-0.35994647,-0.19038967,-0.35994647
2025-09-23,0.13501867,0.36466664,0.13501867
2025-09-24,0.74733913,0.25214034,0.15116094
2025-09-25,0.28262262,-0.30667230,-0.43377747
2025-09-26,0.09796475,0.26089299,0.27202488
2025-09-29,-0.72976136,-0.40712459,-0.09499844
2025-09-30,0.34791679,0.39069083,0.75481514
2025-10-01,-0.15520101,-0.25730051,0.39436604
2025-10-02,0.30446718,0.07344947,0.17512990
2025-10-03,-0.03980892,0.39606401,-0.02623935
2025-10-06,0.30650851,-0.03504767,-1.49208174
2025-10-07,0.18788064,-0.09453160,-0.57428158
2025-10-08,0.78195765,0.19491182,-0.24090795
2025-10-09,-0.03440600,-0.43922962,-0.24994763
2025-10-10,0.33083277,0.79954676,1.06380121
2025-10-14,0.10641351,0.06331250,0.21854431
2025-10-15,-0.47485506,-0.21763983,-0.10626779
2025-10-16,-0.49539041,-0.26454108,-0.19176109
2025-10-17,0.41099663,0.48846761,0.69153025
2025-10-20,-0.10549339,-0.25951953,-0.27796548
2025-10-21,0.71740860,0.37177576,-0.03272765
2025-10-22,-0.04473710,-0.07915696,-0.09083281
2025-10-23,0.51121026,0.51121026,-0.10086036
2025-10-24,0.07653505,0.19719226,0.01104851
2025-10-27,-0.39142073,-0.30574330,-0.56709723
2025-10-28,0.00000000,0.19766243,0.62442487
2025-10-29,-0.82989000,-0.78736058,-0.67974106
2025-10-30,0.67706904,-0.18607456,-0.79877046
2025-10-31,-0.14540879,-0.34401270,-0.06762527
2025-11-03,0.15962251,0.07283659,0.10763542
2025-11-04,0.66892671,0.31971528,1.04918055
2025-11-05,0.05068670,-0.00155454,-0.31287429
2025-11-06,0.57809084,1.05098740,1.32764320
2025-11-07,0.81350740,1.15424115,0.75422858
2025-11-10,-0.32373534,-0.60783594,-0.92571551
2025-11-12,0.84183638,1.25236616,0.41796679
2025-11-13,-0.22334196,0.26727825,-0.06824871
2025-11-14,-0.82712309,-1.09955266,-0.98103857
2025-11-17,0.44797688,0.28369078,0.08553572
2025-11-18,0.10892575,-0.05507405,-0.04564285
2025-11-19,0.43728187,0.09899238,-0.32579267
2025-11-20,0.33794602,0.28577725,-0.15924982
2025-11-21,-0.12290768,-0.36536985,0.40652128
2025-11-24,0.34674064,0.45139568,0.11655823
2025-11-25,-0.53660718,-0.23436558,-0.12933545
2025-11-26,0.02520402,0.35420581,-0.02596631
2025-11-28,-0.05039533,0.02721199,0.08400575
2025-12-01,0.00953906,0.20783383,0.58275190
2025-12-02,0.09810668,-0.13441925,-0.31276292
2025-12-03,-0.22392682,0.32675175,0.25833170
2025-12-04,0.49660968,0.48799076,0.67178131
2025-12-05,-0.02647262,-0.23226769,-0.28397044
2025-12-08,-0.24714325,-0.32430490,-0.62467989
2025-12-09,0.01973877,0.13157918,-0.59243177
2025-12-10,0.04899692,0.14355307,0.38178960
2025-12-11,0.08026119,0.99086271,0.84142592
2025-12-12,0.43088801,0.21731433,0.00546996
2025-12-15,-0.61581355,-0.40401535,-0.28301828
2025-12-16,0.26283177,0.38223290,0.58020120
2025-12-17,0.17453548,-0.01270664,-0.34050069
2025-12-18,-0.12474153,-0.28626945,-0.07979028
2025-12-19,0.27490989,0.20651537,-0.93529356
2025-12-22,0.19427860,0.44217844,0.51351099
2025-12-23,0.08918136,0.31065529,0.47332713
2025-12-24,-2.55357926,-2.52047926,-2.24091026
2025-12-26,-0.17040495,-0.28904794,-0.68029243
2025-12-29,-0.50514863,-0.58970995,-0.16733780
2025-12-30,0.38636427,0.46321671,0.28357521
2025-12-31,0.35639355,0.10902122,0.01077842
2026-01-02,-0.00692257,0.01011783,0.04412035
2026-01-05,0.02976912,-0.16623401,0.28573065
2026-01-06,0.14188029,-0.08037228,-0.10096536
2026-01-07,0.03593816,0.04449629,0.01679008
2026-01-08,0.32470897,0.02433559,0.21600788
2026-01-09,0.44485762,0.26387590,-0.29861352
2026-01-12,0.58068983,0.90921538,0.52981121
2026-01-13,0.59301470,0.36893841,0.01751084
2026-01-14,-0.77857133,-0.70189326,-0.19502660
2026-01-15,0.34829166,-0.08220294,0.11404013
2026-01-16,0.31713840,0.26527259,0.62186076
2026-01-20,0.29035650,1.50086171,0.37293137
2026-01-21,-0.83743143,-1.12463880,-1.00671502
2026-01-22,-0.10982639,0.17179477,-0.23598221
2026-01-23,-0.09902072,0.18183908,0.40184730
2026-01-26,-1.46285777,-0.50017224,0.90003575
2026-01-27,-0.28026556,0.50836435,0.27362436
2026-01-28,-0.09669902,-0.42192679,-0.46743392
2026-01-29,-0.15458964,-0.13786652,0.31563992
2026-01-30,0.74415555,0.25490151,-0.20884734
2026-02-02,0.52059176,-0.13911427,-0.22927246
2026-02-03,-0.29820321,-0.19687166,-0.42627231
2026-02-04,0.79712648,0.66067212,0.21143345
2026-02-05,0.26657712,0.25808211,0.07487504
2026-02-06,-0.02597172,0.05873768,-0.14688238
2026-02-09,-0.31652709,0.40924151,0.33491539
2026-02-10,-0.08915590,-0.08915590,1.07651379
2026-02-11,-0.67681663,-0.79368707,0.19996554
2026-02-12,-0.49483054,-0.61205306,-0.30578115
2026-02-13,0.21530768,0.21530768,0.13002922
2026-02-17,0.10603645,-0.22287133,-0.41545101
2026-02-18,0.04984665,-0.12774161,-0.52020103
2026-02-19,0.34252500,-0.06530237,0.01228050
2026-02-20,-0.28480794,-0.12373086,-0.30410890
2026-02-23,-0.23167839,-0.03690109,0.21446641
2026-02-24,-0.15042076,-0.27730518,-1.02280563
2026-02-25,-0.92540526,-0.79934546,-1.33108498
2026-02-26,0.43444139,0.33233928,0.54379805
2026-02-27,0.45349259,0.70905609,0.50499070
2026-03-02,-0.00138906,-1.11793589,-0.90942827
2026-03-03,3.18099736,2.42192416,3.04358846
2026-03-04,-1.54146473,-1.25297884,-1.06463756
2026-03-05,1.41245642,0.95061931,0.99414130
2026-03-06,-0.02561752,0.15560493,-0.06366917
2026-03-09,-0.32569556,-0.44592994,-0.60312910
2026-03-10,-0.87000643,-0.39111757,-0.56808766
2026-03-11,0.65857271,-0.05004705,-0.12094026
2026-03-12,1.14377534,0.75899874,0.90236692
2026-03-13,0.47392094,-0.20625315,0.26609598
2026-03-16,-0.39162575,-0.01735451,-0.24155663
2026-03-17,-0.29001815,0.03983118,-0.12073126
2026-03-18,0.77316818,0.66824167,0.48881951
2026-03-19,-0.28729694,-0.26997518,0.52583528
2026-03-20,0.55285183,0.79735725,-0.12271988
2026-03-23,-0.80311139,-0.42498932,-0.45307826
2026-03-24,0.32706240,0.24913511,0.20078542
2026-03-25,0.22512442,0.15587230,0.03625798
2026-03-26,0.28327290,0.04058218,0.00060787
2026-03-27,0.35159547,0.16031709,0.03204431
2026-03-30,0.58548475,0.00921374,1.00803334
2026-03-31,0.31605979,0.87658256,0.57460633
2026-04-01,-0.80013128,0.02667784,-0.51872208
2026-04-02,-0.11711694,-0.70193148,-0.56218313
2026-04-03,0.04173457,-0.15755176,-0.14626669
2026-04-06,-0.17349040,0.01710087,-0.21724380
2026-04-07,-0.37743358,-0.15307787,-0.49580937
2026-04-08,-1.64862237,-0.67114347,-0.71099639
2026-04-09,-0.28298693,-0.11232629,-0.58426575
2026-04-10,0.74545800,0.89176526,0.52399769
2026-04-13,0.20486556,0.09374526,-0.12133032
2026-04-14,-1.03770159,-0.35316306,-0.52081336
2026-04-15,0.19707647,0.26505854,0.12776646
2026-04-16,0.25637374,0.12042137,0.22486045
2026-04-17,-1.11825949,-0.96720532,-0.51158468
2026-04-20,0.59179289,0.45540880,0.23674812
2026-04-21,0.55838565,0.27680510,0.09783215
2026-04-22,0.14135757,-0.18244872,0.07856909
2026-04-23,-0.09590642,-0.18119248,-0.06457673
2026-04-24,-0.18388442,-0.06448716,-0.12750883
2026-04-27,-0.20792837,-0.09721861,-0.17033954
2026-04-28,-0.06990634,-0.20620175,-0.22024309
2026-04-29,1.04049933,0.86800168,0.59908168
2026-04-30,-0.65605066,-0.36723541,1.60781950
2026-05-01,-0.04804016,0.17352612,-0.11180130
2026-05-04,-0.08191062,-0.56641347,-0.36791749
2026-05-05,0.16260052,0.23966185,-0.13595619
2026-05-06,-2.12390338,-1.73932147,-1.34810205
2026-05-07,0.47269888,0.56673441,0.44701567
2026-05-08,0.49592461,0.57280861,0.39327301
2026-05-11,0.60572461,0.66554285,0.34946958
2026-05-12,1.38852039,0.98399912,0.95779114
2026-05-13,-0.01409093,-0.20156984,-0.09644121
2026-05-14,0.11005899,-0.17203750,-0.04192997
2026-05-15,0.52689794,0.08787826,0.14047530
2026-05-18,-0.32941898,-0.14082753,-0.41727317
2026-05-19,0.92461881,0.51742016,0.74701280
2026-05-20,-0.64435296,-0.49020698,-0.47546588
2026-05-21,0.64719737,0.37868935,0.44484060
2026-05-22,0.58735010,0.70886385,0.56207689
2026-05-26,-0.69727745,-0.55178523,-0.79697898
2026-05-27,-0.56213705,-0.46800482,-0.63072779
2026-05-28,-0.15617909,-0.00166195,-0.04335413
2026-05-29,0.53611776,0.79503127,0.57400112
2026-06-01,0.51530626,0.04194879,0.24459611
2026-06-02,0.37639494,0.53182983,0.25081457
2026-06-03,0.04151839,-0.27642837,-0.02727306
2026-06-04,0.91434293,1.12304127,0.91434293
2026-06-05,1.56993557,0.73145300,1.38613873
2026-06-08,-1.78217949,-1.67998458,-1.69630330
2026-06-09,0.11189415,0.20728011,0.04316602
2026-06-10,-0.69806659,-0.74962523,-0.84658322
2026-06-11,0.77076998,0.46540401,0.74565733
2026-06-12,-0.79034860,-0.29063868,-0.62318306
2026-06-15,-0.26335368,-0.03928448,-0.23845064
2026-06-16,-0.44558279,-0.30825451,-0.56351620
2026-06-17,0.40580325,0.21562437,0.51233793
2026-06-18,1.74344886,0.66396605,1.01837625
2026-06-22,-0.18044449,-0.51114572,-0.26697002
2026-06-23,-0.35308806,-0.78019606,-0.37776077
2026-06-24,0.65908394,0.34958135,0.52840634
2026-06-25,-0.07066313,0.25515512,-0.01503351
2026-06-26,-0.51899523,-0.36171300,-0.51899523
2026-06-29,0.56278694,0.75680442,0.40132010
2026-06-30,0.43512940,0.36480284,0.01513132
2026-07-01,0.11686618,-0.17251427,0.24015522
2026-07-02,-0.80872442,-0.25107846,0.12215703
2026-07-06,-0.45967296,-0.65096290,-1.30614604
2026-07-07,-1.08100694,-1.10697902,-0.85495526
2026-07-08,-0.21526251,-0.45111893,-0.68146033
2026-07-09,-0.15947908,0.21724454,0.07429625
2026-07-10,-0.51035287,-0.51905028,0.09407248
2026-07-13,-0.56160313,-0.87457588,-1.18033638
2026-07-14,-0.15878014,0.06888796,-0.04794124
2026-07-15,-0.12548146,-0.05556580,-0.11932131
2026-07-16,-0.68463239,-0.58910344,-0.86195942
2026-07-17,0.76038425,0.69876787,0.75418094
2026-07-20,-0.74726072,-0.99886294,-0.84493239
2026-07-21,0.09876142,0.07244504,-0.15914594
2026-07-22,-0.21219514,-0.15971207,-0.25502777
2026-07-23,-0.11851310,-0.47729538,-0.55755260
2026-07-24,-0.95736602,-0.85286311,-0.90291708
2026-07-27,0.46414195,0.38472366,0.46414195
2026-07-28,-0.97305695,-0.75543445,-0.93675010
2026-07-29,-0.47754703,-0.62594469,-0.60509320
2026-07-30,-1.53976990,-0.34620773,1.17071113
2026-07-31,0.89603595,0.86976551,1.09255374
2026-08-03,-0.43986331,-0.52629454,0.95560242
2026-08-04,-0.21041741,-0.05434716,-0.51465394
2026-08-05,-0.24378625,-0.07070355,-0.36402783
2026-08-06,-0.02738764,-0.25249268,-0.54475932
2026-08-07,-0.96023490,-0.63356958,-0.38815043
2026-08-10,0.53903003,0.47814473,-0.32146765
2026-08-11,-0.32521128,-0.40286650,-0.54427675
2026-08-12,0.23851146,0.21245970,0.25110187
2026-08-13,0.12003107,0.04194785,0.04463475
2026-08-14,-0.26163611,0.17084314,-0.17393200
2026-08-17,-0.10535322,-0.01909586,-0.18685381
2026-08-18,-0.08493771,-0.17975832,-0.23520476
2026-08-19,-1.64423349,-0.93077198,-0.94280076
2026-08-20,0.35724832,0.48630857,0.10453885
2026-08-21,-0.59855743,-0.55600180,-0.63608866
2026-08-24,-0.13429506,-0.29669222,-0.29742306
2026-08-25,0.03470339,0.10330842,0.00957063
2026-08-26,0.18357509,-0.00524001,0.08927579
2026-08-27,-0.35493482,-0.32927735,-0.29236728
2026-08-28,-0.13321267,-0.61309426,-0.57645465
2026-08-31,-0.80904155,-0.64654558,-0.66622246
