month,USD_KRW,EUR_KRW,JPY100_KRW
2020-01-01,0.47804869,0.56669286,0.68692282
2020-02-01,0.47939369,0.61639026,0.86605912
2020-03-01,1.05776633,1.24079198,1.58176539
2020-04-01,0.57337109,0.42027840,0.72128998
2020-05-01,0.49541863,0.70670526,0.65930199
2020-06-01,0.53029247,0.62903259,0.71350124
2020-07-01,0.34989805,0.34355997,0.55174146
2020-08-01,0.28441612,0.41550034,0.42033063
2020-09-01,0.35291370,0.34994762,0.30729823
2020-10-01,0.38961749,0.35970932,0.49310810
2020-11-01,0.44573738,0.47654211,0.77496859
2020-12-01,0.48416250,0.54085704,0.58678939
2021-01-01,0.37573991,0.48925149,0.42980933
2021-02-01,0.50470287,0.42761701,0.58726276
2021-03-01,0.41320892,0.49152291,0.47379618
2021-04-01,0.36871490,0.34878508,0.40080845
2021-05-01,0.43893797,0.50990657,0.54636205
2021-06-01,0.39735691,0.28979569,0.31640323
2021-07-01,0.45093953,0.43253211,0.58717820
2021-08-01,0.49450019,0.46993514,0.56416456
2021-09-01,0.40560281,0.39708135,0.53276412
2021-10-01,0.46297892,0.43167471,0.58694448
2021-11-01,0.30902602,0.59513980,0.65955796
2021-12-01,0.39222170,0.49791570,0.50715285
2022-01-01,0.34684574,0.37090195,0.43622231
2022-02-01,0.32013199,0.60947522,0.36428431
2022-03-01,0.59429192,0.68776575,0.69300200
2022-04-01,0.49955721,0.48176879,0.75684565
2022-05-01,0.69706018,0.91333658,1.09733132
2022-06-01,0.52660108,0.59555379,1.04096299
2022-07-01,0.45644995,0.64079007,0.69528215
2022-08-01,0.54175193,0.71431687,0.98785214
2022-09-01,0.72653195,0.90112709,1.04971052
2022-10-01,0.65897649,1.05317295,1.10792458
2022-11-01,1.21185364,1.14347217,1.44271637
2022-12-01,0.74259142,0.72549411,1.32132815
2023-01-01,0.54804069,0.54311243,1.01709366
2023-02-01,0.73092477,0.76550307,0.74781289
2023-03-01,0.85940861,0.74557109,0.83026247
2023-04-01,0.53234044,0.75399500,0.76500569
2023-05-01,0.41975090,0.48742717,0.57696636
2023-06-01,0.65763523,0.77285674,0.86896883
2023-07-01,0.53593064,0.63916744,0.72953029
2023-08-01,0.51761619,0.66855853,0.70310658
2023-09-01,0.42403876,0.55031497,0.57880487
2023-10-01,0.50335888,0.64228045,0.66396850
2023-11-01,0.87244216,0.88473007,0.87120816
2023-12-01,0.73876289,0.76286280,1.05652638
2024-01-01,0.47580532,0.55095423,0.60877776
2024-02-01,0.33785978,0.48999719,0.69934232
2024-03-01,0.53069946,0.49010637,0.55936520
2024-04-01,0.49450166,0.55295290,0.58993903
2024-05-01,0.62606421,0.56050611,0.69260183
2024-06-01,0.33475963,0.46435171,0.51032400
2024-07-01,0.41919281,0.41598402,0.47721918
2024-08-01,0.62523107,0.48294105,0.86582514
2024-09-01,0.50118536,0.41335173,0.63595316
2024-10-01,0.45413047,0.34033980,0.66477997
2024-11-01,0.57279782,0.36017914,0.58778870
2024-12-01,0.49011592,0.60290476,0.85305150
2025-01-01,0.56869470,0.45288368,0.65128415
2025-02-01,0.46808396,0.36584804,0.60094692
2025-03-01,0.37743878,0.41990510,0.70111077
2025-04-01,0.73003004,0.57709977,0.85342720
2025-05-01,1.06749689,0.82355405,0.76659558
2025-06-01,0.68784042,0.51714339,0.53279176
2025-07-01,0.34500559,0.35416781,0.43919854
2025-08-01,0.50949695,0.30644114,0.44069686
2025-09-01,0.47283691,0.28544161,0.38105507
2025-10-01,0.41443040,0.37073028,0.54501941
2025-11-01,0.45688079,0.58749134,0.58307503
2025-12-01,0.62303366,0.66771099,0.68850784
2026-01-01,0.53584989,0.55755657,0.42535615
2026-02-01,0.43835378,0.41964143,0.55653404
2026-03-01,0.93835887,0.76740794,0.85473507
2026-04-01,0.63752217,0.44631280,0.51871520
2026-05-01,0.75026450,0.64109833,0.57325245
2026-06-01,0.80681404,0.64573488,0.70646672
2026-07-01,0.59221237,0.52894065,0.70326074
2026-08-01,0.48426412,0.38025257,0.40639638
